-- phpMyAdmin SQL Dump
-- version 4.6.6deb4
-- https://www.phpmyadmin.net/
--
-- Gép: localhost
-- Létrehozás ideje: 2021. Jún 08. 22:30
-- Kiszolgáló verziója: 10.3.27-MariaDB-0+deb10u1
-- PHP verzió: 7.3.19-1~deb10u1

SET SQL_MODE = "NO_AUTO_VALUE_ON_ZERO";
SET time_zone = "+00:00";


/*!40101 SET @OLD_CHARACTER_SET_CLIENT=@@CHARACTER_SET_CLIENT */;
/*!40101 SET @OLD_CHARACTER_SET_RESULTS=@@CHARACTER_SET_RESULTS */;
/*!40101 SET @OLD_COLLATION_CONNECTION=@@COLLATION_CONNECTION */;
/*!40101 SET NAMES utf8mb4 */;

--
-- Adatbázis: `peopleawards2019`
--

-- --------------------------------------------------------

--
-- Tábla szerkezet ehhez a táblához `admin`
--

CREATE TABLE `admin` (
  `id` int(11) NOT NULL,
  `username` varchar(60) NOT NULL,
  `password` varchar(60) NOT NULL,
  `name` varchar(60) NOT NULL
) ENGINE=InnoDB DEFAULT CHARSET=utf8;

--
-- A tábla adatainak kiíratása `admin`
--

INSERT INTO `admin` (`id`, `username`, `password`, `name`) VALUES
(1, 'admin', 'admin', 'Adminisztrátor');

-- --------------------------------------------------------

--
-- Tábla szerkezet ehhez a táblához `nominees`
--

CREATE TABLE `nominees` (
  `id` int(11) NOT NULL,
  `org` varchar(60) NOT NULL,
  `pos` varchar(60) NOT NULL,
  `name` varchar(60) NOT NULL,
  `employee_id` varchar(60) NOT NULL
) ENGINE=InnoDB DEFAULT CHARSET=utf8;

--
-- A tábla adatainak kiíratása `nominees`
--

INSERT INTO `nominees` (`id`, `org`, `pos`, `name`, `employee_id`) VALUES
(73, 'RAS Cégcsoport', 'Az Innovátor', 'Herczku Bea', '10001'),
(74, 'RAS Cégcsoport', 'Az Innovátor', 'Hídváry Péter', '10002'),
(75, 'RAS Cégcsoport', 'Az Innovátor', 'Ivor Szaniszló', '10003'),
(76, 'RAS Cégcsoport', 'Az Innovátor', 'Králik Dóra', '10004'),
(77, 'RAS Cégcsoport', 'Az Innovátor', 'Pollák Andrea', '10005'),
(78, 'RAS Cégcsoport', 'Az Innovátor', 'Szabó László', '10006'),
(79, 'RAS Cégcsoport', 'Az Innovátor', 'Virág Dani', '10007'),
(80, 'PROFESSION.HU', 'Az Innovátor', 'Kalász István', '10008'),
(81, 'PROFESSION.HU', 'Az Innovátor', 'Kummer Béla', '10009'),
(82, 'PROFESSION.HU', 'Az Innovátor', 'Lázár Lilla', '10010'),
(83, 'PROFESSION.HU', 'Az Innovátor', 'Nyitrai Boglárka', '10011'),
(84, 'PROFESSION.HU', 'Az Innovátor', 'Tüzes Imre', '10012'),
(85, 'PROFESSION.HU', 'Az Ügyfélélmény-építő', 'Balogh Eleonóra', '10013'),
(86, 'PROFESSION.HU', 'Az Ügyfélélmény-építő', 'Borókai Fruzsina', '10014'),
(87, 'PROFESSION.HU', 'Az Ügyfélélmény-építő', 'Gergely Borbála', '10015'),
(88, 'PROFESSION.HU', 'Az Ügyfélélmény-építő', 'Horváth Balázs', '10016'),
(89, 'PROFESSION.HU', 'Az Ügyfélélmény-építő', 'Nagy Orsolya', '10017'),
(90, 'PROFESSION.HU', 'Az Ügyfélélmény-építő', 'Polyák Gabriella', '10018'),
(91, 'PROFESSION.HU', 'Az Ügyfélélmény-építő', 'Wágner Balázs', '10019'),
(92, 'PROFESSION.HU', 'A Kolléga', 'Babos Tamás', '10020'),
(93, 'PROFESSION.HU', 'A Kolléga', 'Balla Orsolya', '10021'),
(94, 'PROFESSION.HU', 'A Kolléga', 'Batta Bianka', '10022'),
(95, 'PROFESSION.HU', 'A Kolléga', 'Berényi Zsófia', '10023'),
(96, 'PROFESSION.HU', 'A Kolléga', 'Eikel Roland', '10024'),
(97, 'PROFESSION.HU', 'A Kolléga', 'Gergely Borbála', '10025'),
(98, 'PROFESSION.HU', 'A Kolléga', 'Hidvégi-Gulyás Dóra', '10026'),
(99, 'PROFESSION.HU', 'A Kolléga', 'Kelemen Péter', '10027'),
(100, 'PROFESSION.HU', 'A Kolléga', 'Kiripolszki Nelli', '10028'),
(101, 'PROFESSION.HU', 'A Kolléga', 'Lengyel Barbara', '10029'),
(102, 'PROFESSION.HU', 'A Kolléga', 'Sipiczki György', '10030'),
(103, 'PROFESSION.HU', 'A Kolléga', 'Szaniszló Máté', '10031'),
(104, 'PROFESSION.HU', 'A Kolléga', 'Szilágyi Dóra', '10032'),
(105, 'RAS Cégcsoport', 'A Kolléga', 'Demeter Csilla', '10033'),
(106, 'RAS Cégcsoport', 'A Kolléga', 'Kerekes Csilla', '10034'),
(107, 'RAS Cégcsoport', 'A Kolléga', 'Kiss Erika', '10035'),
(108, 'RAS Cégcsoport', 'A Kolléga', 'Kucselata Ildikó', '10036'),
(109, 'RAS Cégcsoport', 'A Kolléga', 'Loványi Kata', '10037'),
(110, 'RAS Cégcsoport', 'A Kolléga', 'Dr. Marunák Istvánné', '10038'),
(111, 'RAS Cégcsoport', 'A Kolléga', 'Schwang László', '10039'),
(112, 'RAS Cégcsoport', 'A Kolléga', 'Sódar József', '10040'),
(113, 'RAS Cégcsoport', 'A Kolléga', 'Szabó István', '10041'),
(114, 'RAS Cégcsoport', 'A Kolléga', 'Tumpek Imre', '10042'),
(115, 'RAS Cégcsoport', 'A Kolléga', 'Ványi-Vincze Viktória', '10043'),
(116, 'RAS Cégcsoport', 'A Kolléga', 'Wimmer Anita', '10044'),
(117, 'RAS Cégcsoport', 'A Történetmesélő', 'Csatári Henriett', '10045'),
(118, 'RAS Cégcsoport', 'A Történetmesélő', 'Dezső Katalin', '10046'),
(119, 'RAS Cégcsoport', 'A Történetmesélő', 'Fekete Lajos', '10047'),
(120, 'RAS Cégcsoport', 'A Történetmesélő', 'Lakat Eszter', '10048'),
(121, 'RAS Cégcsoport', 'A Történetmesélő', 'Loványi Kata', '10049'),
(122, 'RAS Cégcsoport', 'A Történetmesélő', 'Nagy-György Borbála', '10050'),
(123, 'RAS Cégcsoport', 'A Történetmesélő', 'Scherer Zsuzsa', '10051'),
(126, 'RAS Cégcsoport', 'A Történetmesélő', 'Szilágyi Gábor', '10052'),
(127, 'RAS Cégcsoport', 'A Történetmesélő', 'Veres Gábor', '10053'),
(128, 'RAS Cégcsoport', 'A Csapat', 'A Blikk fotórovata', '10054'),
(129, 'RAS Cégcsoport', 'A Csapat', 'A Blikk Sztárok és Sztorik rovatának csapata', '10055'),
(130, 'RAS Cégcsoport', 'A Csapat', 'A Digital Media Campus csapata', '10056'),
(131, 'RAS Cégcsoport', 'A Csapat', 'Gazdasági Osztály', '10057'),
(132, 'RAS Cégcsoport', 'A Csapat', 'A GLAMOUR szerkesztősége', '10058'),
(133, 'RAS Cégcsoport', 'A Csapat', 'Hirdetési osztály', '10059'),
(134, 'RAS Cégcsoport', 'A Csapat', 'A Marketing csapat', '10060'),
(135, 'RAS Cégcsoport', 'A Csapat', 'A műsorújságok szerkesztősége', '10061'),
(136, 'RAS Cégcsoport', 'A Csapat', 'A Női Lapok Szerkesztőségének gyártási csoportja', '10062'),
(137, 'RAS Cégcsoport', 'A Csapat', 'PRINTerest Team – a Blikk printes csapata', '10063'),
(138, 'RAS Cégcsoport', 'A Csapat', 'Social média csapat', '10064'),
(139, 'RAS Cégcsoport', 'A Csapat', 'Terjesztés/Gyártás kollektívája', '10065'),
(140, 'RAS Cégcsoport', 'A Csapat', 'Üzemeltetési Osztály', '10066'),
(141, 'RAS Cégcsoport', 'A Csapat', 'A videós csapat', '10067'),
(142, 'PROFESSION.HU', 'A Csapat', 'Business Intelligence (BI) csapat', '10068'),
(143, 'PROFESSION.HU', 'A Csapat', 'CRM & Értékesítési folyamatmenedzsment csapat', '10069'),
(144, 'PROFESSION.HU', 'A Csapat', 'Field sales csapat', '10070'),
(145, 'PROFESSION.HU', 'A Csapat', 'Hirdetésszerkesztői csapat', '10071'),
(146, 'PROFESSION.HU', 'A Csapat', 'Kreatív csapat', '10072'),
(147, 'PROFESSION.HU', 'A Csapat', 'Projektemendzsment csapat', '10073'),
(148, 'PROFESSION.HU', 'A Csapat', 'Régiós csapat', '10074'),
(149, 'PROFESSION.HU', 'A Csapat', 'Support csapat', '10075'),
(150, 'PROFESSION.HU', 'A Csapat', 'Telefonos értékesítési csapat', '10076'),
(151, 'PROFESSION.HU', 'A Csapat', 'Ügyfélkapcsolati csapat', '10077');

-- --------------------------------------------------------

--
-- Tábla szerkezet ehhez a táblához `organization`
--

CREATE TABLE `organization` (
  `id` int(11) NOT NULL,
  `org` varchar(60) NOT NULL
) ENGINE=InnoDB DEFAULT CHARSET=utf8;

--
-- A tábla adatainak kiíratása `organization`
--

INSERT INTO `organization` (`id`, `org`) VALUES
(1, 'PROFESSION.HU'),
(2, 'RAS Cégcsoport');

-- --------------------------------------------------------

--
-- Tábla szerkezet ehhez a táblához `positions`
--

CREATE TABLE `positions` (
  `id` int(11) NOT NULL,
  `org` varchar(60) NOT NULL,
  `pos` varchar(60) NOT NULL
) ENGINE=InnoDB DEFAULT CHARSET=utf8;

--
-- A tábla adatainak kiíratása `positions`
--

INSERT INTO `positions` (`id`, `org`, `pos`) VALUES
(1, 'RAS Cégcsoport', 'Az Innovátor'),
(2, 'RAS Cégcsoport', 'A Történetmesélő'),
(3, 'RAS Cégcsoport', 'A Csapat'),
(4, 'RAS Cégcsoport', 'A Kolléga'),
(5, 'PROFESSION.HU', 'Az Innovátor'),
(6, 'PROFESSION.HU', 'Az Ügyfélélmény-építő'),
(7, 'PROFESSION.HU', 'A Csapat'),
(8, 'PROFESSION.HU', 'A Kolléga');

-- --------------------------------------------------------

--
-- Tábla szerkezet ehhez a táblához `voters`
--

CREATE TABLE `voters` (
  `id` int(11) NOT NULL,
  `username` varchar(60) DEFAULT NULL,
  `name` varchar(60) DEFAULT NULL,
  `company` varchar(60) DEFAULT NULL,
  `employee_id` varchar(60) DEFAULT NULL
) ENGINE=InnoDB DEFAULT CHARSET=utf8;

--
-- A tábla adatainak kiíratása `voters`
--

INSERT INTO `voters` (`id`, `username`, `name`, `company`, `employee_id`) VALUES
(1, 'boroka.agoston', 'Ágoston Boróka', 'profession.hu Kft.', 'boroka.agoston@profession.hu'),
(2, 'alexa.istvan', 'Alexa István', 'RAS Magyarország Kft.', 'istvan.alexa@ringieraxelspringer.hu'),
(3, 'ardai.marcell', 'Ardai Marcell', 'RAS Magyarország Kft.', 'marcell.ardai@ringieraxelspringer.hu'),
(4, 'babos.kitti', 'Babos Kitti', 'RAS Magyarország Kft.', 'kitti.babos@ringieraxelspringer.hu'),
(5, 'tamas.babos', 'Babos Tamás', 'profession.hu Kft.', 'tamas.babos@profession.hu'),
(6, 'bettina.bacsi', 'Bácsi Bettina', 'profession.hu Kft.', 'bettina.bacsi@profession.hu'),
(7, 'gabriella.bacsi', 'Bácsi Gabriella', 'profession.hu Kft.', 'gabriella.bacsi@profession.hu'),
(8, 'Bago.Istvan', 'Bagó István', 'RAS Magyarország Kft.', 'istvan.bago@ringieraxelspringer.hu'),
(9, 'Bajko.Panka', 'Bajkó Panka', 'Blikk Kft.', 'panka.bajko@blikk.hu'),
(10, 'eva.bakondi', 'Bakondi Éva', 'profession.hu Kft.', 'eva.bakondi@profession.hu'),
(11, 'orsolya.bakos', 'Bakos Orsolya Adrienn', 'profession.hu Kft.', 'orsolya.bakos@profession.hu'),
(12, 'orsolya.balla', 'Balla Orsolya', 'profession.hu Kft.', 'orsolya.balla@profession.hu'),
(13, 'Eleonora.Balogh', 'Balogh Eleonóra', 'profession.hu Kft.', 'eleonora.balogh@profession.hu'),
(14, 'balogh.gyula', 'Balogh Gyula', 'RAS Magyarország Kft.', 'gyula.balogh@ringieraxelspringer.hu'),
(15, 'Btier.Noemi', 'B. Tier Noémi', 'RAS Magyarország Kft.', 'noemi.b.tier@ringieraxelspringer.hu'),
(16, 'Balo.Peter', 'Baló Péter', 'RAS Magyarország Kft.', 'peter.balo@ringieraxelspringer.hu'),
(17, 'Ban.Judit', 'Bán Judit', 'RAS Magyarország Kft.', 'judit.ban@ringieraxelspringer.hu'),
(18, 'reka.ecsedi-barabas', 'Barabás Réka', 'profession.hu Kft.', 'reka.barabas@profession.hu'),
(19, 'baranyecz.janos', 'Baranyecz János', 'RAS Magyarország Kft.', 'janos.baranyecz@ringieraxelspringer.hu'),
(20, 'barczag.andrea', 'Barczag Andrea', 'VINTON Kiadó Kft.', 'andrea.barczag@harpercollins.hu'),
(21, 'nincs AD felhasználója', 'Bari József', 'RAS-NYOMDA Nyomdaipari Kft.', 'jozsef.bari@ringieraxelspringer.hu'),
(22, 'Barna.Krisztian', 'Barna Krisztián', 'RAS-NYOMDA Nyomdaipari Kft.', 'krisztian.barna@ringieraxelspringer.hu'),
(23, 'roland.bar', 'Bar Roland', 'profession.hu Kft.', 'roland.bar@profession.hu'),
(24, 'angela.barta', 'Barta Angéla', 'profession.hu Kft.', 'angela.barta@profession.hu'),
(25, 'batha.peter', 'Batha Péter', 'RAS Magyarország Kft.', 'peter.batha@ringieraxelspringer.hu'),
(26, 'aniko.batka', 'Batka Anikó', 'profession.hu Kft.', 'aniko.batka@profession.hu'),
(27, 'bianka.batta', 'Batta Bianka', 'profession.hu Kft.', 'bianka.batta@profession.hu'),
(28, 'Bayer.Ferenc', 'Bayer Ferenc', 'RAS Magyarország Kft.', 'ferenc.bayer@ringieraxelspringer.hu'),
(29, 'bazso.david', 'Bazsó Dávid', 'Blikk Kft.', 'david.bazso@blikk.hu'),
(30, 'bejczi.szilvia', 'Bejczi Szilvia', 'Blikk Kft.', 'szilvia.bejczi@blikk.hu'),
(31, 'fruzsina.beke', 'Beke Fruzsina', 'profession.hu Kft.', 'fruzsina.beke@profession.hu'),
(32, 'nikoletta.bella', 'Bella Nikoletta', 'profession.hu Kft.', 'nikoletta.bella@profession.hu'),
(33, 'dora.benczik', 'Benczik Dóra Zsuzsanna', 'profession.hu Kft.', 'dora.benczik@profession.hu'),
(34, 'Kovacs.Violetta', 'Kovács Violetta', 'RAS Magyarország Kft.', 'violetta.kovacs@ringieraxelspringer.hu'),
(35, 'Berenyi.Andras', 'Berényi András', 'RAS Magyarország Kft.', 'andras.berenyi@ringieraxelspringer.hu'),
(36, 'zsofia.berenyi', 'Berényi Zsófia', 'profession.hu Kft.', 'zsofia.berenyi@profession.hu'),
(37, 'zoltan.berkes', 'Berkes Zoltán', 'profession.hu Kft.', 'zoltan.berkes@profession.hu'),
(38, 'Berki.Lili', 'Berki Lili Emília', 'RAS Magyarország Kft.', 'lili.berki@ringieraxelspringer.hu'),
(39, 'zsofia.bitai', 'Bitai Zsófia', 'profession.hu Kft.', 'zsofia.bitai@profession.hu'),
(40, 'bitto.akos', 'Bittó Ákos', 'Blikk Kft.', 'akos.bitto@blikk.hu'),
(41, 'maria.bodnar', 'Bodnár Mária', 'profession.hu Kft.', 'maria.bodnar@profession.hu'),
(42, 'Bogyine.Etelka', 'Bógyiné Hegedűs Etelka', 'RAS Magyarország Kft.', 'etelka.bogyine@ringieraxelspringer.hu'),
(43, 'Bokor.Klara', 'Bokor Klára', 'RAS Magyarország Kft.', 'klara.bokor@ringieraxelspringer.hu'),
(44, 'zsuzsa.borbely', 'Borbély Zsuzsanna', 'profession.hu Kft.', 'zsuzsa.borbely@profession.hu'),
(45, 'fruzsina.borokai', 'Borókai Fruzsina Borbála', 'profession.hu Kft.', 'fruzsina.borokai@profession.hu'),
(46, 'gergely.boros', 'Boros Gergely', 'profession.hu Kft.', 'gergely.boros@profession.hu'),
(47, 'gyorgyi.branizsa', 'Branizsa Györgyi', 'profession.hu Kft.', 'gyorgyi.branizsa@profession.hu'),
(48, 'david.chyba', 'Chyba Dávid', 'profession.hu Kft.', 'david.chyba@profession.hu'),
(49, 'Csabai.Gabor', 'Csabai Gábor', 'RAS-NYOMDA Nyomdaipari Kft.', 'gabor.csabai@ringieraxelspringer.hu'),
(50, 'csanda.gyula', 'Csanda Gyula', 'Blikk Kft.', 'gyula.csanda@blikk.hu'),
(51, 'nincs AD felhasználója', 'Csapó Zoltán', 'RAS-NYOMDA Nyomdaipari Kft.', 'zoltan.csapo@ringieraxelspringer.hu'),
(52, 'csatari.henriett', 'Csatári Henriett', 'Blikk Kft.', 'henriett.csatari@blikk.hu'),
(53, 'Csatari.Sandor', 'Csatári Sándor', 'RAS Magyarország Kft.', 'sandor.csatari@ringieraxelspringer.hu'),
(54, 'Csati.Melinda', 'Csáti Melinda', 'RAS Magyarország Kft.', 'melinda.csati@ringieraxelspringer.hu'),
(55, 'gabor.csepeli', 'Csepeli Gábor', 'profession.hu Kft.', 'gabor.csepeli@profession.hu'),
(56, 'Csiki.Erika', 'Csíki Erika', 'RAS Magyarország Kft.', 'erika.csiki@ringieraxelspringer.hu'),
(57, 'csillag.timea', 'Csillag Tímea', 'Blikk Kft.', 'timea.csillag@blikk.hu'),
(58, 'Eszter.Csintalan', 'Csintalan Eszter', 'RAS Magyarország Kft.', 'eszter.csintalan@ringieraxelspringer.hu'),
(59, 'csizmadia.adam', 'Csizmadia Ádám', 'Blikk Kft.', 'adam.csizmadia@blikk.hu'),
(60, 'mirabella.csomor', 'Csomor Mirabella', 'profession.hu Kft.', 'mirabella.csomor@profession.hu'),
(61, 'alexander.csontos', 'Csontos Alexander', 'profession.hu Kft.', 'alexander.csontos@profession.hu'),
(62, 'marta.kubola', 'Csősz Márta', 'profession.hu Kft.', 'marta.kubola@profession.hu'),
(63, 'eszter.czegledy', 'Czeglédy Eszter', 'profession.hu Kft.', 'eszter.czegledy@profession.hu'),
(64, 'Czigany.Mihaly', 'Czigány Mihály', 'RAS-NYOMDA Nyomdaipari Kft.', 'mihaly.czigany@ringieraxelspringer.hu'),
(65, 'czimer.daniel', 'Czimer Dániel', 'RAS Magyarország Kft.', 'daniel.czimer@ringieraxelspringer.hu'),
(66, 'richard.czinege', 'Czinege Richárd', 'profession.hu Kft.', 'richard.czinege@profession.hu'),
(67, 'damo.katalin', 'Dámó Katalin', 'RAS Magyarország Kft.', 'katalin.damo@ringieraxelspringer.hu'),
(68, 'blanka.dencso', 'Dencső Blanka', 'profession.hu Kft.', 'blanka.dencso@profession.hu'),
(69, 'Derenyi.Tamas', 'Derényi Tamás', 'RAS Magyarország Kft.', 'tamas.derenyi@ringieraxelspringer.hu'),
(70, 'detroi.krisztina', 'Detrői Krisztina', 'RAS Magyarország Kft.', 'krisztina.detroi@ringieraxelspringer.hu'),
(71, 'dezso.katalin', 'Dezső Katalin', 'RAS Magyarország Kft.', 'katalin.dezso@ringieraxelspringer.hu'),
(72, 'didics.gloria', 'Didics Glória', 'RAS Magyarország Kft.', 'gloria.didics@ringieraxelspringer.hu'),
(73, 'dietrich.ilona', 'Dietrich Ilona', 'RAS Magyarország Kft.', 'ilona.dietrich@ringieraxelspringer.hu'),
(74, 'dietrich.attila', 'Dietrich Attila', 'RAS Magyarország Kft.', 'attila.dietrich@ringieraxelspringer.hu'),
(75, 'Dirner.Zsuzsanna', 'Dirner Zsuzsanna', 'RAS Magyarország Kft.', 'zsuzsanna.dirner@ringieraxelspringer.hu'),
(76, 'vivien.andavolgyi', 'Andavölgyi Vivien', 'profession.hu Kft.', 'vivien.andavolgyi@profession.hu'),
(77, 'Kerekes.Ildiko', 'Kerekes Ildikó', 'RAS Magyarország Kft.', 'janosne.kerekes@ringieraxelspringer.hu'),
(78, 'kozak.daniel', 'Kozák Dániel', 'Blikk Kft.', 'daniel.kozak@blikk.hu'),
(79, 'Dr.Marunak.Istvanne', 'Marunák Istvánné', 'RAS Magyarország Kft.', 'istvanne.marunak@ringieraxelspringer.hu'),
(80, 'Zimmer.Helga', 'Zimmer Helga', 'RAS Magyarország Kft.', 'helga.zimmer@ringieraxelspringer.hu'),
(81, 'roland.eikel', 'Eikel Roland', 'profession.hu Kft.', 'roland.eikel@profession.hu'),
(82, 'eisrich.mihaly', 'Eisrich Mihály', 'RAS Magyarország Kft.', 'mihaly.eisrich@ringieraxelspringer.hu'),
(83, 'Schubert.Andrea', 'Eisrichné Schubert Andrea', 'RAS Magyarország Kft.', 'andrea.schubert@ringieraxelspringer.hu'),
(84, 'dorottya.elias', 'Éliás Dorottya', 'profession.hu Kft.', 'dorottya.elias@profession.hu'),
(85, 'Erki.Tamas', 'Erki Tamás', 'RAS Magyarország Kft.', 'tamas.erki@ringieraxelspringer.hu'),
(86, 'peter.fajt', 'Fajt Péter', 'profession.hu Kft.', 'peter.fajt@profession.hu'),
(87, 'Farago.Tamas', 'Faragó Tamás', 'RAS-NYOMDA Nyomdaipari Kft.', 'tamas.farago@ringieraxelspringer.hu'),
(88, 'norbert.farkas', 'Farkas Norbert', 'profession.hu Kft.', 'norbert.farkas@profession.hu'),
(89, 'Farkas.Sandor', 'Farkas Sándor', 'Blikk Kft.', 'sandor.farkas@blikk.hu'),
(90, 'Fejes.Gyorgyi', 'Fejes Györgyi', 'RAS Magyarország Kft.', 'gyorgyi.fejes@ringieraxelspringer.hu'),
(91, 'fejes.ivett', 'Fejes Ivett', 'VINTON Kiadó Kft.', 'ivett.fejes@harpercollins.hu'),
(92, 'vivien.fejes', 'Fejes Vivien', 'profession.hu Kft.', 'vivien.fejes@profession.hu'),
(93, 'Balogh.Mariann', 'Fekésháziné Balog Marianna', 'RAS Magyarország Kft.', 'mariann.balog@ringieraxelspringer.hu'),
(94, 'fekete.attila', 'Fekete Attila', 'Blikk Kft.', 'attila.fekete@blikk.hu'),
(95, 'Fekete.Lajos', 'Fekete Lajos', 'Blikk Kft.', 'lajos.fekete@blikk.hu'),
(96, 'Aniko.Dudas', 'Fényi-Dudás Anikó Ágnes', 'profession.hu Kft.', 'aniko.dudas@profession.hu'),
(97, 'Ferentzi.Andras', 'Ferentzi András', 'Blikk Kft.', 'andras.ferentzi@blikk.hu'),
(98, 'bence.flaskar', 'Flaskár Bence', 'profession.hu Kft.', 'bence.flaskar@profession.hu'),
(99, 'fogl.attila', 'Fogl Attila', 'Blikk Kft.', 'attila.fogl@blikk.hu'),
(100, 'Torzsa.Noemi', 'Torzsa Noémi', 'RAS Magyarország Kft.', 'noemi.torzsa@ringieraxelspringer.hu'),
(101, 'nikolett.foldi', 'Földi Nikolett', 'profession.hu Kft.', 'nikolett.foldi@profession.hu'),
(102, 'forras.david', 'Forrás Dávid', 'RAS Magyarország Kft.', 'david.forras@ringieraxelspringer.hu'),
(103, 'Forro.Gabor', 'Forró Gábor', 'RAS Magyarország Kft.', 'gabor.forro@ringieraxelspringer.hu'),
(104, 'imola.solymosi', 'Fragkos Imola Hilda', 'profession.hu Kft.', 'imola.solymosi@profession.hu'),
(105, 'anna.fuglinszky', 'Fuglinszky Anna', 'profession.hu Kft.', 'anna.fuglinszky@profession.hu'),
(106, 'fulop.anett', 'Fülöp Anett', 'Blikk Kft.', 'anett.fulop@blikk.hu'),
(107, 'fulop.edina', 'Fülöp Edina', 'Blikk Kft.', 'edina.fulop@blikk.hu'),
(108, 'jelenleg nem aktív felhasználó, szülési szabin van', 'Fülöp Mariann', 'RAS Magyarország Kft.', 'mariann.fulop@ringieraxelspringer.hu'),
(109, 'Fuszek.Gabor', 'Fuszek Gábor', 'Blikk Kft.', 'gabor.fuszek@blikk.hu'),
(110, 'Gaal.Zoltan', 'Gaál Zoltán István', 'Blikk Kft.', 'zoltan.gaal@blikk.hu'),
(111, 'Gajdos.Istvan', 'Gajdos István', 'RAS Magyarország Kft.', 'istvan.gajdos@ringieraxelspringer.hu'),
(112, 'emese.gaspar', 'Gáspár Emese', 'profession.hu Kft.', 'emese.gaspar@profession.hu'),
(113, 'Gazdag.Erzsebet', 'Gazdag Erzsébet', 'RAS Magyarország Kft.', 'erzsebet.gazdag@ringieraxelspringer.hu'),
(114, 'reka.gazda-pusztai', 'Gazda-Pusztai Réka', 'profession.hu Kft.', 'reka.gazda-pusztai@profession.hu'),
(115, 'akos.gebri', 'Gebri Ákos', 'profession.hu Kft.', 'akos.gebri@profession.hu'),
(116, 'gedei.norbert', 'Gedei Norbert', 'Blikk Kft.', 'norbert.gedei@blikk.hu'),
(117, 'Gellen.Csaba', 'Gellén Csaba', 'RAS Magyarország Kft.', 'csaba.gellen@ringieraxelspringer.hu'),
(118, 'gerber.petra', 'Gerber Petra', 'Blikk Kft.', 'petra.gerber@blikk.hu'),
(119, 'Gerentser.Imre', 'Gerentsér Imre', 'RAS Magyarország Kft.', 'imre.gerentser@ringieraxelspringer.hu'),
(120, 'borbala.gergely', 'Gergely Borbála', 'profession.hu Kft.', 'borbala.gergely@profession.hu'),
(121, 'gergely.melinda', 'Gergely Melinda', 'Blikk Kft.', 'melinda.gergely@blikk.hu'),
(122, 'godats.barnabas', 'Godáts Barnabás', 'RAS Magyarország Kft.', 'barnabas.godats@ringieraxelspringer.hu'),
(123, 'marton.gombo', 'Gombó Márton', 'profession.hu Kft.', 'marton.gombo@profession.hu'),
(124, 'gombos.attila', 'Gombos Attila', 'RAS Magyarország Kft.', 'attila.gombos@ringieraxelspringer.hu'),
(125, 'gordos.robert', 'Gordos Róbert', 'Blikk Kft.', 'robert.gordos@blikk.hu'),
(126, 'lili.gorocs', 'Göröcs Lili Melinda', 'profession.hu Kft.', 'lili.gorocs@profession.hu'),
(127, 'Goronne.Margit', 'Goron Margó', 'Blikk Kft.', 'margit.goron@blikk.hu'),
(128, 'Grnak.Laszlo', 'Grnák László', 'Blikk Kft.', 'laszlo.grnak@blikk.hu'),
(129, 'annamaria.gyori', 'Győri Annamária', 'profession.hu Kft.', 'an.gyori@profession.hu'),
(130, 'gyori.krisztina', 'Győri Krisztina', 'RAS Magyarország Kft.', 'krisztina.gyori@ringieraxelspringer.hu'),
(131, 'gyorkos.laszlo', 'Györkös László', 'RAS Magyarország Kft.', 'laszlo.gyorkos@ringieraxelspringer.hu'),
(132, 'Hajdu.Peter', 'Hajdu Péter', 'RAS Magyarország Kft.', 'peter.hajdu@ringieraxelspringer.hu'),
(133, 'Demeter.Csilla', 'Demeter Csilla', 'RAS Magyarország Kft.', 'csilla.demeter@ringieraxelspringer.hu'),
(134, 'Halas.Zoltan', 'Halas Zoltán', 'Blikk Kft.', 'zoltan.halas@blikk.hu'),
(135, 'halmos.szilvia', 'Halmos Ferencné', 'Blikk Kft.', 'szilvia.halmos@blikk.hu'),
(136, 'Harnisch.Kitti', 'Harnisch Kitti', 'Blikk Kft.', 'kitti.harnisch@blikk.hu'),
(137, 'harnos.zsuzsanna', 'Harnos Zsuzsanna', 'Blikk Kft.', 'zsuzsanna.harnos@blikk.hu'),
(138, 'adrienn.hartmann', 'Hartmann Adrienn', 'profession.hu Kft.', 'adrienn.hartmann@profession.hu'),
(139, 'hasko.zsolt', 'Haskó Zsolt', 'Blikk Kft.', 'zsolt.hasko@blikk.hu'),
(140, 'alexandra.havas', 'Havas Alexandra', 'profession.hu Kft.', 'alexandra.havas@profession.hu'),
(141, 'Ferenc.Havas', 'Havas Ferenc', 'profession.hu Kft.', 'ferenc.havas@profession.hu'),
(142, 'Falvi.Krisztina', 'Falvi Krisztina', 'RAS Magyarország Kft.', 'krisztina.falvi@ringieraxelspringer.hu'),
(143, 'Helmeczi.Szabolcsne', 'Helmeczi Szabolcsné', 'RAS Magyarország Kft.', 'szabolcsne.helmeczi@ringieraxelspringer.hu'),
(144, 'alexandra.herbely', 'Herbély Alexandra', 'profession.hu Kft.', 'alexandra.herbely@profession.hu'),
(145, 'nagy.melinda', 'Nagy Melinda', 'RAS Magyarország Kft.', 'melinda.nagy@ringieraxelspringer.hu'),
(146, 'Hidvary.Peter', 'Hídváry Péter', 'RAS Magyarország Kft.', 'peter.hidvary@ringieraxelspringer.hu'),
(147, 'dora.gulyas', 'Hidvégi Gulyás Dóra', 'profession.hu Kft.', 'dora.gulyas@profession.hu'),
(148, 'vegh.franciska', 'Végh Franciska', 'RAS Magyarország Kft.', 'franciska.vegh@ringieraxelspringer.hu'),
(149, 'hollo.csaba', 'Holló Csaba', 'Blikk Kft.', 'csaba.hollo@blikk.hu'),
(150, 'hajnalka.holovitz', 'Holovitz Hajnalka', 'profession.hu Kft.', 'hajnalka.holovitz@profession.hu'),
(151, 'hortobagyi.julia', 'Hortobágyi Júlia', 'RAS Magyarország Kft.', 'julia.hortobagyi@ringieraxelspringer.hu'),
(152, 'anita.horvath', 'Horváth Anita', 'profession.hu Kft.', 'anita.horvath@profession.hu'),
(153, 'balazs.horvath', 'Horváth Balázs', 'profession.hu Kft.', 'ba.horvath@profession.hu'),
(154, 'herceg.eva', 'Herceg Éva', 'RAS Magyarország Kft.', 'eva.herceg@ringieraxelspringer.hu'),
(155, 'gabriella.horvath', 'Horváth Gabriella', 'profession.hu Kft.', 'gabriella.horvath@profession.hu'),
(156, 'Horvath.Gergely2', 'Horváth Gergő', 'RAS Magyarország Kft.', 'gergo.horvath@ringieraxelspringer.hu'),
(157, 'ispi', 'Ispán László', 'RAS Magyarország Kft.', 'laszlo.ispan@ringieraxelspringer.hu'),
(158, 'Isza.Ferenc', 'Isza Ferenc', 'Blikk Kft.', 'ferenc.isza@blikk.hu'),
(159, 'Ivanyi.Geza', 'Iványi Géza', 'RAS Magyarország Kft.', 'geza.ivanyi@ringieraxelspringer.hu'),
(160, 'ivor.szaniszlo', 'Ivor Szaniszló', 'RAS Magyarország Kft.', 'szaniszlo.ivor@ringieraxelspringer.hu'),
(161, 'jambor.julianna', 'Jámbor Julianna', 'RAS Magyarország Kft.', 'julianna.jambor@ringieraxelspringer.hu'),
(162, 'jaray.eszter', 'Járay Eszter', 'RAS Magyarország Kft.', 'eszter.jaray@ringieraxelspringer.hu'),
(163, 'csaba.jaszapathy', 'Jászapáthy Csaba', 'profession.hu Kft.', 'csaba.jaszapathy@profession.hu'),
(164, 'katinka.jeszenszki', 'Jeszenszki Katinka', 'profession.hu Kft.', 'katinka.jeszenszki@profession.hu'),
(165, 'eva.jofoldiszabo', 'Jóföldi-Szabó Éva', 'profession.hu Kft.', 'eva.jofoldiszabo@profession.hu'),
(166, 'joo.laszlo', 'Joó László', 'RAS Magyarország Kft.', 'laszlo.joo@ringieraxelspringer.hu'),
(167, 'andrea.juhasz', 'Juhász Andrea', 'profession.hu Kft.', 'andrea.juhasz@profession.hu'),
(168, 'kabai.fanni', 'Kabai Fanni', 'RAS Magyarország Kft.', 'fanni.kabai@ringieraxelspringer.hu'),
(169, 'diana.erdelyi', 'Kádas-Erdélyi Diána', 'profession.hu Kft.', 'diana.erdelyi@profession.hu'),
(170, 'Kalasz.Istvan', 'Kalász István', 'profession.hu Kft.', 'istvan.kalasz@profession.hu'),
(171, 'attila.kallai', 'Kállai Attila', 'profession.hu Kft.', 'attila.kallai@profession.hu'),
(172, 'kinga.kancsar', 'Kancsár Kinga', 'profession.hu Kft.', 'kinga.kancsar@profession.hu'),
(173, 'katymari.vanda', 'Katymári Vanda', 'RAS Magyarország Kft.', 'vanda.katymari@ringieraxelspringer.hu'),
(174, 'nincs AD felhasználója', 'Kegyes Zita', 'RAS Magyarország Kft.', 'zita.kegyes@ringieraxelspringer.hu'),
(175, 'peter.kelemen', 'Kelemen Péter', 'profession.hu Kft.', 'peter.kelemen@profession.hu'),
(176, 'Kenyeres.Zoltan', 'Kenyeres Zoltán', 'RAS Magyarország Kft.', 'zoltan.kenyeres@ringieraxelspringer.hu'),
(177, 'Kepe.Judit', 'Képe Judit', 'RAS Magyarország Kft.', 'judit.kepe@ringieraxelspringer.hu'),
(178, 'Kerekes.Anna', 'Kerekes Anna', 'RAS Magyarország Kft.', 'anna.kerekes@ringieraxelspringer.hu'),
(179, 'Kerekes.Csilla', 'Kerekes Csilla', 'RAS Magyarország Kft.', 'csilla.kerekes@ringieraxelspringer.hu'),
(180, 'kerek.ildiko', 'Kerek Ildikó', 'RAS Magyarország Kft.', 'ildiko.kerek@ringieraxelspringer.hu'),
(181, 'csilla.kiraly', 'Király Csilla', 'profession.hu Kft.', 'csilla.kiraly@profession.hu'),
(182, 'nelli.kiripolszki', 'Kiripolszki Nelli', 'profession.hu Kft.', 'nelli.kiripolszki@profession.hu'),
(183, 'Kiss.Attila', 'Kiss Attila', 'RAS Magyarország Kft.', 'attila.kiss@ringieraxelspringer.hu'),
(184, 'nagy.erika', 'Kiss Erika', 'Blikk Kft.', 'erika.kiss@blikk.hu'),
(185, 'krisztian.kiss', 'Kiss Krisztián', 'profession.hu Kft.', 'krisztian.kiss@profession.hu'),
(186, 'rebeka.kiss', 'Kiss Rebeka', 'profession.hu Kft.', 'rebeka.kiss@profession.hu'),
(187, 'tamas.kiss', 'Kiss Tamás', 'profession.hu Kft.', 'tamas.kiss@profession.hu'),
(188, 'marietta.kleri', 'Kléri Marietta', 'profession.hu Kft.', 'marietta.kleri@profession.hu'),
(189, 'Kocsis.Zsuzsanna', 'Kocsis Zsuzsanna', 'Blikk Kft.', 'zsuzsa.kocsis@blikk.hu'),
(190, 'kollat.gabor', 'Kollát Gábor', 'RAS Magyarország Kft.', 'gabor.kollat@ringieraxelspringer.hu'),
(191, 'Kormendi.Richard', 'Körmendi Richárd', 'RAS Magyarország Kft.', 'richard.kormendi@ringieraxelspringer.hu'),
(192, 'Kortvelyesi.Andrea', 'Körtvélyesi Andrea', 'RAS Magyarország Kft.', 'andrea.kortvelyesi@ringieraxelspringer.hu'),
(193, 'Kortvelyesi.Csaba', 'Körtvélyesi Csaba', 'RAS Magyarország Kft.', 'csaba.kortvelyesi@ringieraxelspringer.hu'),
(194, 'Berta.Bernadett', 'Berta Bernadett', 'RAS Magyarország Kft.', 'bernadett.berta@ringieraxelspringer.hu'),
(195, 'Stammberger.Kinga', 'Koszó-Stammberger Kinga', 'RAS Magyarország Kft.', 'kinga.koszo@ringieraxelspringer.hu'),
(196, 'am.kovacs', 'Kovács András Márció', 'profession.hu Kft.', 'andras.kovacs@profession.hu'),
(197, 'anett.kovacs', 'Kovács Anett', 'profession.hu Kft.', 'anett.kovacs@profession.hu'),
(198, 'Kovacs.Csilla', 'Kovács Csilla', 'RAS Magyarország Kft.', 'csilla.kovacs@ringieraxelspringer.hu'),
(199, 'fanni.kovacs', 'Kovács Fanni Eszter', 'profession.hu Kft.', 'fanni.kovacs@profession.hu'),
(200, 'kovacs.levente', 'Kovács Levente', 'RAS Magyarország Kft.', 'levente.kovacs@ringieraxelspringer.hu'),
(201, 'kovacs.tibor', 'Kovács Tibor', 'RAS Magyarország Kft.', 'tibor.kovacs@ringieraxelspringer.hu'),
(202, 'Kover.Nora', 'Kövér Nóra', 'RAS Magyarország Kft.', 'nora.kover@ringieraxelspringer.hu'),
(203, 'kozari.szilvia', 'Kozári Szilvia', 'RAS Magyarország Kft.', 'szilvia.kozari@ringieraxelspringer.hu'),
(204, 'adam.krajcs', 'Krajcs Ádám', 'profession.hu Kft.', 'adam.krajcs@profession.hu'),
(205, 'kralik.dora', 'Králik Dóra', 'RAS Magyarország Kft.', 'dora.kralik@ringieraxelspringer.hu'),
(206, 'jozsef.krizsan', 'Krizsán József', 'profession.hu Kft.', 'jozsef.krizsan@profession.hu'),
(207, 'berenyi.zsofia', 'Berényi Zsófia', 'RAS Magyarország Kft.', 'zsofia.berenyi@ringieraxelspringer.hu'),
(208, 'Krusinszki.Jozsef', 'Krusinszki József', 'Blikk Kft.', 'jozsef.krusinszki@blikk.hu'),
(209, 'Kucselata.Ildiko', 'Kucselata Ildikó', 'RAS Magyarország Kft.', 'ildiko.kucselata@ringieraxelspringer.hu'),
(210, 'Kugler.Tunde', 'Kugler Tünde', 'RAS Magyarország Kft.', 'tunde.kugler@ringieraxelspringer.hu'),
(211, 'eva.kecskes', 'Kulcsárné Kecskés Éva Anikó', 'profession.hu Kft.', 'eva.kecskes@profession.hu'),
(212, 'Kulkov.Orsolya', 'Kulkov Orsolya', 'RAS Magyarország Kft.', 'orsolya.kulkov@ringieraxelspringer.hu'),
(213, 'bela.kummer', 'Kummer Béla', 'profession.hu Kft.', 'bela.kummer@profession.hu'),
(214, 'kunbalog.viktor', 'Kun-Balog Viktor', 'RAS Magyarország Kft.', 'viktor.kunbalog@ringieraxelspringer.hu'),
(215, 'Kun.Krisztina', 'Kun Krisztina', 'RAS Magyarország Kft.', 'krisztina.kun@ringieraxelspringer.hu'),
(216, 'laszlo.kuntar', 'Kuntár László Balázs', 'profession.hu Kft.', 'laszlo.kuntar@profession.hu'),
(217, 'Lakat.Eszter', 'Lakat Eszter', 'Blikk Kft.', 'eszter.lakat@blikk.hu'),
(218, 'Lantos.Ferenc', 'Lantos Ferenc', 'RAS Magyarország Kft.', 'ferenc.lantos@ringieraxelspringer.hu'),
(219, 'Lasanyi.Csaba', 'Lasányi Csaba', 'Blikk Kft.', 'csaba.lasanyi@blikk.hu'),
(220, 'lilla.lazar', 'Lázár Lilla', 'profession.hu Kft.', 'lilla.lazar@profession.hu'),
(221, 'dora.szmolenszky', 'Lénárt Dóra Petra', 'profession.hu Kft.', 'dora.lenart@profession.hu'),
(222, 'barbara.lengyel', 'Lengyel Barbara', 'profession.hu Kft.', 'barbara.lengyel@profession.hu'),
(223, 'levai.zsuzsanna', 'Lévai Zsuzsanna', 'RAS Magyarország Kft.', 'zsuzsanna.levai@ringieraxelspringer.hu'),
(224, 'laszlo.lipcsei', 'Lipcsei László Péter', 'profession.hu Kft.', 'laszlo.lipcsei@profession.hu'),
(225, 'barbara.lombos', 'Lombos Barbara', 'profession.hu Kft.', 'barbara.lombos@profession.hu'),
(226, 'Lovanyi.Kata', 'Loványi Kata', 'RAS Magyarország Kft.', 'kata.lovanyi@ringieraxelspringer.hu'),
(227, 'Moharos.Andrea', 'Moharos Andrea', 'RAS Magyarország Kft.', 'andrea.moharos@ringieraxelspringer.hu'),
(228, 'lukacs.angelika', 'Lukács Angelika', 'Blikk Kft.', 'angelika.lukacs@blikk.hu'),
(229, 'Magan.Sarolta', 'Magán Sarolta', 'VINTON Kiadó Kft.', 'sarolta.magan@harpercollins.hu'),
(230, 'melinda.major', 'Major Melinda', 'profession.hu Kft.', 'melinda.major@profession.hu'),
(231, 'peter.makay', 'Makay Péter Tamás', 'profession.hu Kft.', 'p.makay@profession.hu'),
(232, 'marosfalvi.eva', 'Marosfalvi Éva', 'RAS Magyarország Kft.', 'eva.marosfalvi@ringieraxelspringer.hu'),
(233, 'Maroy.Krisztina', 'Maróy Krisztina', 'RAS Magyarország Kft.', 'krisztina.maroy@ringieraxelspringer.hu'),
(234, 'nincs AD felhasználója', 'Kormány Andrea', 'RAS-NYOMDA Nyomdaipari Kft.', 'andrea.kormany@ringieraxelspringer.hu'),
(235, 'istvan.martis', 'Martis István Péter', 'profession.hu Kft.', 'istvan.martis@profession.hu'),
(236, 'evelin.mate-antal', 'Máté-Antal Evelin', 'profession.hu Kft.', 'evelin.mate-antal@profession.hu'),
(237, 'andras.matyasi', 'Mátyási András Jakab', 'profession.hu Kft.', 'andras.matyasi@profession.hu'),
(238, 'meszaros.istvan', 'Mészáros István', 'Blikk Kft.', 'istvan.meszaros@blikk.hu'),
(239, 'sandor.meszar', 'Mészár Sándor', 'profession.hu Kft.', 'sandor.meszar@profession.hu'),
(240, 'karmen.meszlenyi', 'Meszlényi Kármen', 'profession.hu Kft.', 'karmen.meszlenyi@profession.hu'),
(241, 'eszter.mikita', 'Mikita Eszter Dóra', 'profession.hu Kft.', 'eszter.mikita@profession.hu'),
(242, 'rigo.zsuzsa', 'Miklósné Rigó Zsuzsa', 'Blikk Kft.', 'zsuzsa.rigo@blikk.hu'),
(243, 'misley.katalin', 'Misley Katalin', 'RAS Magyarország Kft.', 'katalin.misley@ringieraxelspringer.hu'),
(244, 'bence.molnar', 'Molnár Bence', 'profession.hu Kft.', 'bence.molnar@profession.hu'),
(245, 'molnar.erika', 'Molnár Erika', 'RAS Magyarország Kft.', 'erika.molnar@ringieraxelspringer.hu'),
(246, 'molnar.gyongyi', 'Molnár Gyöngyi', 'RAS Magyarország Kft.', 'gyongyi.molnar@ringieraxelspringer.hu'),
(247, 'molnar.jozsef.am', 'Molnár József', 'RAS Magyarország Kft.', 'jozsef.molnar@ringieraxelspringer.hu'),
(248, 'katalin.molnar', 'Molnár Judit Katalin', 'profession.hu Kft.', 'katalin.molnar@profession.hu'),
(249, 'Eszter.Laki', 'Molnár-Laki Eszter', 'profession.hu Kft.', 'eszter.laki@profession.hu'),
(250, 'Viszmeg.Katalin', 'Viszmeg Katalin', 'RAS Magyarország Kft.', 'katalin.viszmeg@ringieraxelspringer.hu'),
(251, 'molnar.tamas', 'Molnár Tamás', 'RAS Magyarország Kft.', 'tamas.molnar@ringieraxelspringer.hu'),
(252, 'Molnar2.Gyongyi', 'Molnár Gyöngyi', 'RAS Magyarország Kft.', 'gyongyi.molnar2@ringieraxelspringer.hu'),
(253, 'Mukics.Beata', 'Mukics Beáta', 'RAS Magyarország Kft.', 'beata.mukics@ringieraxelspringer.hu'),
(254, 'andras.muller', 'Müller András', 'profession.hu Kft.', 'andras.muller@profession.hu'),
(255, 'muzsnyai.aniko', 'Muzsnyai Anikó', 'RAS-NYOMDA Nyomdaipari Kft.', 'aniko.muzsnyai@ringieraxelspringer.hu'),
(256, 'nagy.andrea', 'Nagy Andrea', 'RAS Magyarország Kft.', 'andrea.nagy@ringieraxelspringer.hu'),
(257, 'andrea2.nagy', 'Nagy Andrea', 'RAS Magyarország Kft.', 'andrea.bnagy@ringieraxelspringer.hu'),
(258, 'evelin.nagy', 'Nagy Evelin', 'profession.hu Kft.', 'evelin.nagy@profession.hu'),
(259, 'Nagy.Franciska', 'Nagy Franciska', 'RAS Magyarország Kft.', 'franciska.nagy@ringieraxelspringer.hu'),
(260, 'nagy-gyorgy.borbala', 'Nagy-György Borbála', 'RAS Magyarország Kft.', 'borbala.nagy-gyorgy@ringieraxelspringer.hu'),
(261, 'nagy.gyula', 'Nagy Gyula', 'Blikk Kft.', 'gyula.nagy@blikk.hu'),
(262, 'orsolya.nagy', 'Nagy Orsolya', 'profession.hu Kft.', 'orsolya.nagy@profession.hu'),
(263, 'Nagy.Sandor', 'Nagy Sándor', 'RAS Magyarország Kft.', 'sandor.nagy@ringieraxelspringer.hu'),
(264, 'judit.varga', 'Nagy-Varga Judit', 'profession.hu Kft.', 'judit.varga@profession.hu'),
(265, 'nemeth.attila', 'Németh Attila', 'Blikk Kft.', 'attila.nemeth@blikk.hu'),
(266, 'nincs AD felhasználója', 'Kovács Kata Kinga', 'RAS Magyarország Kft.', 'kata.kinga.kovacs@ringieraxelspringer.hu'),
(267, 'Nemeth.Maria', 'Németh Mária', 'RAS Magyarország Kft.', 'maria.nemeth@ringieraxelspringer.hu'),
(268, 'Nemeth.Richard', 'Németh Richárd', 'RAS Magyarország Kft.', 'richard.nemeth@ringieraxelspringer.hu'),
(269, 'zoltan.nemeth', 'Németh Zoltán Márk', 'profession.hu Kft.', 'zoltan.nemeth@profession.hu'),
(270, 'Nemeth.Zsuzsa', 'Németh Zsuzsanna', 'RAS Magyarország Kft.', 'zsuzsanna.nemeth@ringieraxelspringer.hu'),
(271, 'Nep.Henrietta', 'Nép Henrietta', 'RAS Magyarország Kft.', 'henrietta.nep@ringieraxelspringer.hu'),
(272, 'Galgoczi.Krisztina', 'Nietschné Galgóczi Krisztina', 'profession.hu Kft.', 'krisztina.galgoczi@profession.hu'),
(273, 'nyiri.gergely', 'Nyíri Gergely', 'Blikk Kft.', 'gergely.nyiri@blikk.hu'),
(274, 'boglarka.nyitrai', 'Nyitrai Boglárka', 'profession.hu Kft.', 'boglarka.nyitrai@profession.hu'),
(275, 'Pollak.Andrea', 'Pollák Andrea', 'RAS Magyarország Kft.', 'andrea.pollak@ringieraxelspringer.hu'),
(276, 'Nyusti.Katalin', 'Nyusti Katalin', 'RAS Magyarország Kft.', 'kati.nyusti@ringieraxelspringer.hu'),
(277, 'ober.gergely', 'Ober Gergely dr.', 'RAS Magyarország Kft.', 'gergely.ober@ringieraxelspringer.hu'),
(278, 'imola.okanyi', 'Okányi Imola', 'profession.hu Kft.', 'imola.okanyi@profession.hu'),
(279, 'Olah.Csaba', 'Oláh Csaba', 'RAS Magyarország Kft.', 'csaba.olah@ringieraxelspringer.hu'),
(280, 'e.pajkos', 'Pajkos Eszter', 'profession.hu Kft.', 'e.pajkos@profession.hu'),
(281, 'palszabo.zoltan', 'Pálszabó Zoltán', 'Blikk Kft.', 'zoltan.palszabo@blikk.hu'),
(282, 'Pap.Annamaria', 'Pap Annamária', 'RAS Magyarország Kft.', 'anna.pap@ringieraxelspringer.hu'),
(283, 'papp.ferenc', 'Papp Ferenc', 'Blikk Kft.', 'ferenc.papp@blikk.hu'),
(284, 'maria.papp', 'Papp Mária', 'profession.hu Kft.', 'maria.papp@profession.hu'),
(285, 'pardi.magdolna', 'Pardi Magdolna', 'Blikk Kft.', 'magdolna.pardi@blikk.hu'),
(286, 'sara.parrag', 'Parrag Sára Zsófia', 'profession.hu Kft.', 'sara.parrag@profession.hu'),
(287, 'Pataky.Eva', 'Pataky Éva', 'RAS Magyarország Kft.', 'eva.pataky@ringieraxelspringer.hu'),
(288, 'paulin.bela', 'Paulin Béla', 'Blikk Kft.', 'bela.paulin@blikk.hu'),
(289, 'Pecskai.Istvan', 'Pécskai István', 'Blikk Kft.', 'istvan.pecskai@blikk.hu'),
(290, 'laszlo.peto', 'Pető László', 'profession.hu Kft.', 'laszlo.peto@profession.hu'),
(291, 'zsofia.petz', 'Petz Zsófia', 'profession.hu Kft.', 'zsofia.petz@profession.hu'),
(292, 'Pinter.Judit', 'Pintér Judit', 'RAS Magyarország Kft.', 'judit.pinter@ringieraxelspringer.hu'),
(293, 'Szira.Krisztina', 'Szira Krisztina', 'RAS Magyarország Kft.', 'krisztina.szira@ringieraxelspringer.hu'),
(294, 'Pogonyi.Nora', 'Pogonyi Nóra', 'Blikk Kft.', 'nora.pogonyi@blikk.hu'),
(295, 'zsolt.polacsek', 'Polacsek Zsolt', 'profession.hu Kft.', 'zsolt.polacsek@profession.hu'),
(296, 'Gabriella.Polyak', 'Polyák Gabriella', 'profession.hu Kft.', 'gabriella.polyak@profession.hu'),
(297, 'Porkolab.Zsofi', 'Porkoláb Zsófia', 'Blikk Kft.', 'zsofia.porkolab@blikk.hu'),
(298, 'Porta', 'Porta - Városmajor u. 11.', 'RAS Magyarország Kft.', 'rasporta@ringieraxelspringer.hu'),
(299, 'pozsonyi.zita', 'Pozsonyi Zita', 'Blikk Kft.', 'zita.pozsonyi@blikk.hu'),
(300, 'attila.racz', 'Rácz Attila', 'profession.hu Kft.', 'attila.racz@profession.hu'),
(301, 'Kerek.Agnes', 'Kerék Ágnes', 'RAS Magyarország Kft.', 'agnes.kerek@ringieraxelspringer.hu'),
(302, 'reka.racz', 'Rácz Réka', 'profession.hu Kft.', 'reka.racz@profession.hu'),
(303, 'Racz.Zita', 'Rácz Zita', 'RAS Magyarország Kft.', 'zita.racz@ringieraxelspringer.hu'),
(304, 'Radai.Gabor', 'Rádai Gábor', 'RAS Magyarország Kft.', 'gabor.radai@ringieraxelspringer.hu'),
(305, 'Ratkai.Krisztina', 'Ratkai Krisztina', 'RAS Magyarország Kft.', 'krisztina.ratkai@ringieraxelspringer.hu'),
(306, 'reichenberger.daniel', 'Reichenberger Dániel', 'Blikk Kft.', 'daniel.reichenberger@blikk.hu'),
(307, 'revy.orsolya', 'Révy Orsolya', 'RAS Magyarország Kft.', 'orsolya.revy@ringieraxelspringer.hu'),
(308, 'zsofia.rutkai', 'Rutkai Zsófia Anna', 'profession.hu Kft.', 'zsofia.rutkai@profession.hu'),
(309, 'ninetta.sala', 'Sala Ninetta', 'RAS Magyarország Kft.', 'ninetta.sala@ringieraxelspringer.hu'),
(310, 'anita.samu', 'Samu Anita Piroska', 'profession.hu Kft.', 'anita.samu@profession.hu'),
(311, 'nincs AD felhasználója', 'Sándor Imre', 'RAS-NYOMDA Nyomdaipari Kft.', 'imre.sandor@ringieraxelspringer.hu'),
(312, 'melinda.sandor', 'Sándor Melinda Ágnes', 'profession.hu Kft.', 'melinda.sandor@profession.hu'),
(313, 'andras.santa', 'Sánta András', 'RAS Magyarország Kft.', 'andras.santa@ringieraxelspringer.hu'),
(314, 'Sarai.Maria', 'Sárai Szabó Mária', 'RAS Magyarország Kft.', 'maria.sarai@ringieraxelspringer.hu'),
(315, 'szandra.sari', 'Sári Petra Szandra', 'profession.hu Kft.', 'szandra.sari@profession.hu'),
(316, 'julia.sas', 'Sas Júlia', 'profession.hu Kft.', 'julia.sas@profession.hu'),
(317, 'scherer.zsuzsa', 'Scherer Zsuzsa', 'Blikk Kft.', 'zsuzsa.scherer@blikk.hu'),
(318, 'Schneider.Zoltan', 'Schneider Zoltán', 'RAS Magyarország Kft.', 'zoltan.schneider@ringieraxelspringer.hu'),
(319, 'Kassai.Monika', 'Schultzné Kassai Mónika', 'RAS Magyarország Kft.', 'monika.kassai@ringieraxelspringer.hu'),
(320, 'Schwang.Laszlo', 'Schwang László', 'RAS Magyarország Kft.', 'laszlo.schwang@ringieraxelspringer.hu'),
(321, 'Schweiczer.Timea', 'Schweiczer Tímea Aina', 'RAS Magyarország Kft.', 'timea.schweiczer@ringieraxelspringer.hu'),
(322, 'sebestyen.klaudia', 'Sebestyén Klaudia', 'RAS Magyarország Kft.', 'klaudia.sebestyen@ringieraxelspringer.hu'),
(323, 'sellei.noemi', 'Séllei Noémi', 'Blikk Kft.', 'noemi.sellei@blikk.hu'),
(324, 'laszlo.julianna', 'László Juli', 'Blikk Kft.', 'julianna.laszlo@blikk.hu'),
(325, 'sera.tamas', 'Séra Tamás', 'Blikk Kft.', 'tamas.sera@blikk.hu'),
(326, 'Seres.Gabriella', 'Seres Gabriella', 'RAS Magyarország Kft.', 'gabriella.seres@ringieraxelspringer.hu'),
(327, 'seres.livia', 'Seres Lívia', 'RAS Magyarország Kft.', 'livia.seres@ringieraxelspringer.hu'),
(328, 'viktoria.simich', 'Simich Viktória', 'profession.hu Kft.', 'viktoria.simich@profession.hu'),
(329, 'agnes.simon', 'Simon Ágnes Gabriella', 'profession.hu Kft.', 'agnes.simon@profession.hu'),
(330, 'balazs.simon', 'Simon Balázs', 'profession.hu Kft.', 'balazs.simon@profession.hu'),
(331, 'simon.izabella', 'Simon Izabella', 'RAS Magyarország Kft.', 'izabella.simon@ringieraxelspringer.hu'),
(332, 'gyorgy.sipiczki', 'Sipiczki György Dávid', 'profession.hu Kft.', 'gyorgy.sipiczki@profession.hu'),
(333, 'slemmer.adam', 'Slemmer Ádám', 'RAS Magyarország Kft.', 'adam.slemmer@ringieraxelspringer.hu'),
(334, 'Smiri.Andrea', 'Smiri Andrea', 'RAS Magyarország Kft.', 'smiri.andrea@ringieraxelspringer.hu'),
(335, 'Sodar.Jozsef', 'Sódar József', 'RAS Magyarország Kft.', 'jozsef.sodar@ringieraxelspringer.hu'),
(336, 'Soltesz.Mihaly', 'Soltész Mihály', 'RAS Magyarország Kft.', 'mihaly.soltesz@ringieraxelspringer.hu'),
(337, 'nincs AD felhasználója', 'Sólyom Viktor', 'RAS-NYOMDA Nyomdaipari Kft.', 'viktor.solyom@ringieraxelspringer.hu'),
(338, 'eszter.somogyivass', 'Somogyi-Vass Eszter', 'profession.hu Kft.', 'eszter.somogyivass@profession.hu'),
(339, 'Tamara.Speiser', 'Speiser Tamara', 'profession.hu Kft.', 'tamara.speiser@profession.hu'),
(340, 'Stefanek.Aranka', 'Stefanek Aranka', 'RAS Magyarország Kft.', 'aranka.stefanek@ringieraxelspringer.hu'),
(341, 'suto.vivien', 'Sütő Vivien', 'RAS Magyarország Kft.', 'vivien.suto@ringieraxelspringer.hu'),
(342, 'szabadfi.monika', 'Szabadfi Mónika', 'Blikk Kft.', 'monika.szabadfi@blikk.hu'),
(343, 'adam.szabados', 'Szabados Ádám', 'profession.hu Kft.', 'adam.szabados@profession.hu'),
(344, 'Szabados.Balazs', 'Szabados Balázs', 'RAS Magyarország Kft.', 'balazs.szabados@ringieraxelspringer.hu'),
(345, 'szabo.david', 'Szabó Dávid', 'Blikk Kft.', 'david.szabo@blikk.hu'),
(346, 'szabo.endre', 'Szabó Endre', 'Blikk Kft.', 'endre.szabo@blikk.hu'),
(347, 'szabo.gergely', 'Szabó Gergely', 'RAS Magyarország Kft.', 'gergely.szabo@ringieraxelspringer.hu'),
(348, 'Szaboadm', 'Szabó István', 'RAS Magyarország Kft.', 'istvan.szabo@ringieraxelspringer.hu'),
(349, 'szabo.laszlo', 'Szabó László', 'RAS Magyarország Kft.', 'laszlo.szabo@ringieraxelspringer.hu'),
(350, 'szabo.laszlo3', 'Szabó László', 'RAS-NYOMDA Nyomdaipari Kft.', 'laszlo.szabo3@ringieraxelspringer.hu'),
(351, 'Erdei.Viktoria', 'Erdei Viktória', 'RAS Magyarország Kft.', 'viktoria.erdei@ringieraxelspringer.hu'),
(352, 'szakal.reka', 'Szakál Réka', 'RAS Magyarország Kft.', 'reka.szakal@ringieraxelspringer.hu'),
(353, 'ibolya.szakaly', 'Szakály Ibolya', 'profession.hu Kft.', 'ibolya.szakaly@profession.hu'),
(354, 'Szalai.Erzsebet', 'Szalainé Sima Erzsébet', 'RAS-NYOMDA Nyomdaipari Kft.', 'erzsebet.szalai@ringieraxelspringer.hu'),
(355, 'dorottya.agotai', 'Szander-Ágotai Dorottya Györgyi', 'profession.hu Kft.', 'dorottya.agotai@profession.hu'),
(356, 'mate.szaniszlo', 'Szaniszló Máté', 'profession.hu Kft.', 'mate.szaniszlo@profession.hu'),
(357, 'szaraz.peter', 'Száraz Péter', 'Blikk Kft.', 'peter.szaraz@blikk.hu'),
(358, 'szarka.judit', 'Szarka Judit', 'Blikk Kft.', 'judit.szarka@blikk.hu'),
(359, 'Szarvas.Melinda', 'Szarvas Melinda', 'RAS Magyarország Kft.', 'melinda.szarvas@ringieraxelspringer.hu'),
(360, 'Szarvas.Zsolt', 'Szarvas Zsolt', 'Blikk Kft.', 'zsolt.szarvas@blikk.hu'),
(361, 'Egri.Klara', 'Egri Klára', 'RAS Magyarország Kft.', 'klara.egri@ringieraxelspringer.hu'),
(362, 'Kormany.Ildiko', 'Kormány Ildikó', 'RAS Magyarország Kft.', 'ildiko.kormany@ringieraxelspringer.hu'),
(363, 'Szatmari.Andrea', 'Bíró Andrea', 'RAS Magyarország Kft.', 'andrea.biro@ringieraxelspringer.hu'),
(364, 'dorottya.szecsenyi', 'Szécsényi Dorottya', 'profession.hu Kft.', 'dorottya.szecsenyi@profession.hu'),
(365, 'lilla.szegedi', 'Szegedi Lilla', 'profession.hu Kft.', 'lilla.szegedi@profession.hu'),
(366, 'szeiler.kira', 'Szeiler Kíra', 'RAS Magyarország Kft.', 'kira.szeiler@ringieraxelspringer.hu'),
(367, 'szemler.zsofia', 'Szemler Zsófia', 'Blikk Kft.', 'zsofia.szemler@blikk.hu'),
(368, 'Szep.Zoltan', 'Szép Zoltán', 'Blikk Kft.', 'zoltan.szep@blikk.hu'),
(369, 'nikoletta.szigeti', 'Szigeti Nikoletta', 'profession.hu Kft.', 'nikoletta.szigeti@profession.hu'),
(370, 'szilady.raktar', 'Szilády raktár', 'RAS-NYOMDA Nyomdaipari Kft.', 'szilady.raktar@ringieraxelspringer.hu'),
(371, 'dora.szilagyi', 'Szilágyi Dóra Eszter', 'profession.hu Kft.', 'dora.szilagyi@profession.hu'),
(372, 'Ferenczi.Fruzsina', 'Ferenczi Fruzsina', 'Blikk Kft.', 'fruzsina.ferenczi@blikk.hu'),
(373, 'Szilagyi.Gabor', 'Szilágyi Gábor', 'RAS Magyarország Kft.', 'gabor.szilagyi@ringieraxelspringer.hu'),
(374, 'Szirmay.David', 'Szirmay Dávid', 'Blikk Kft.', 'david.szirmay@blikk.hu'),
(375, 'Szlancsik.Janos', 'Szlancsik János', 'RAS-NYOMDA Nyomdaipari Kft.', 'janos.szlancsik@ringieraxelspringer.hu'),
(376, 'Szoke.Peter', 'Szőke Péter', 'RAS Magyarország Kft.', 'peter.szoke@ringieraxelspringer.hu'),
(377, 'Szokol.Martin', 'Szokol Martin', 'RAS Magyarország Kft.', 'martin.szokol@ringieraxelspringer.hu'),
(378, 'Szollosi.Bela', 'Szöllősi Béla', 'RAS Magyarország Kft.', 'bela.szollosi@ringieraxelspringer.hu'),
(379, 'Szonyi.Beata', 'Szőnyi Beáta', 'RAS Magyarország Kft.', 'beata.szonyi@ringieraxelspringer.hu'),
(380, 'Szoverfy.Csilla', 'Szövérfy Csilla', 'RAS Magyarország Kft.', 'csilla.szoverfy@ringieraxelspringer.hu'),
(381, 'Szrjeborni.Bianka', 'Szrjeborni Bianka Viktória', 'Blikk Kft.', 'bianka.szrjeborni@blikk.hu'),
(382, 'szucs.andrea', 'Szücs Andrea', 'RAS Magyarország Kft.', 'andrea.szucs@ringieraxelspringer.hu'),
(383, 'Szucs.Istvan2', 'Szűcs István', 'RAS Magyarország Kft.', 'istvan.szucs1@ringieraxelspringer.hu'),
(384, 'Szuts.Petra', 'Szűts Petra', 'RAS Magyarország Kft.', 'petra.szuts@ringieraxelspringer.hu'),
(385, 'Tajti.Zsuzsanna', 'Tajti Zsuzsanna', 'RAS Magyarország Kft.', 'zsuzsa.tajti@ringieraxelspringer.hu'),
(386, 'zsofia.tanarki', 'Tanárki Zsófia', 'profession.hu Kft.', 'zsofia.tanarki@profession.hu'),
(387, 'Tap.Krisztina', 'Táp Krisztina', 'RAS Magyarország Kft.', 'krisztina.tap@ringieraxelspringer.hu'),
(388, 'zsombor.teszenyi', 'Teszenyi Zsombor', 'profession.hu Kft.', 'zsombor.teszenyi@profession.hu'),
(389, 'tibay.gabor', 'Tibay Gábor', 'Blikk Kft.', 'gabor.tibay@blikk.hu'),
(390, 'tihanyi.balazs', 'Tihanyi Balázs', 'RAS Magyarország Kft.', 'balazs.tihanyi@ringieraxelspringer.hu'),
(391, 'kristof.torma', 'Torma Kristóf', 'profession.hu Kft.', 'kristof.torma@profession.hu'),
(392, 'nincs AD felhasználója', 'Tóth Ákos Dávid', 'profession.hu Kft.', 'akos.toth@profession.hu'),
(393, 'rita.solyom', 'Tóth-Buzderné Sólyom Rita', 'profession.hu Kft.', 'rita.solyom@profession.hu'),
(394, 'Toth.Gergo', 'Tóth-Császár Gergely', 'RAS Magyarország Kft.', 'gergo.toth@ringieraxelspringer.hu'),
(395, 'Tumpek.Imre', 'Tumpek Imre', 'Blikk Kft.', 'imre.tumpek@blikk.hu'),
(396, 'imre.tuzes', 'Tüzes Imre', 'profession.hu Kft.', 'imre.tuzes@profession.hu'),
(397, 'annamaria.toth', 'Ujváriné Tóth Annamária', 'profession.hu Kft.', 'annamaria.toth@profession.hu'),
(398, 'vajta.zoltan', 'Vajta Zoltán', 'Blikk Kft.', 'zoltan.vajta@blikk.hu'),
(399, 'Vincze.Viktoria', 'Vincze Viktória', 'RAS Magyarország Kft.', 'viktoria.vincze@ringieraxelspringer.hu'),
(400, 'adam.varga', 'Varga Ádám', 'profession.hu Kft.', 'adam.varga@profession.hu'),
(401, 'balazs.varga', 'Varga Balázs', 'profession.hu Kft.', 'balazs.varga@profession.hu'),
(402, 'eszter.varga', 'Varga Eszter', 'RAS Magyarország Kft.', 'eszter.varga@ringieraxelspringer.hu'),
(403, 'varga.imre', 'Varga Imre', 'Blikk Kft.', 'imre.varga@blikk.hu'),
(404, 'k.varga', 'Varga Krisztina', 'profession.hu Kft.', 'krisztina.varga@profession.hu'),
(405, 'varga.nora', 'Varga Nóra', 'Blikk Kft.', 'nora.varga@blikk.hu'),
(406, 'varga.valentin', 'Varga Valentin', 'RAS Magyarország Kft.', 'valentin.varga@ringieraxelspringer.hu'),
(407, 'varhelyi.zoltan', 'Várhelyi Zoltán', 'Blikk Kft.', 'zoltan.varhelyi@blikk.hu'),
(408, 'ildiko.varnyu', 'Varnyu Ildikó', 'profession.hu Kft.', 'ildiko.varnyu@profession.hu'),
(409, 'Vasko.Beatrix', 'Vaskó Beatrix', 'VINTON Kiadó Kft.', 'beatrix.vasko@harpercollins.hu'),
(410, 'vegh.veronika', 'Végh Veronika', 'RAS Magyarország Kft.', 'veronika.vegh@ringieraxelspringer.hu'),
(411, 'veres.gabor', 'Veres Gábor', 'Blikk Kft.', 'gabor.veres@blikk.hu'),
(412, 'viktor.vido', 'Vidó Viktor', 'profession.hu Kft.', 'viktor.vido@profession.hu'),
(413, 'balint.vigh', 'Vigh Bálint', 'profession.hu Kft.', 'balint.vigh@profession.hu'),
(414, 'Virag.Daniel', 'Virág Dániel', 'RAS Magyarország Kft.', 'daniel.virag@ringieraxelspringer.hu'),
(415, 'Pavelkovits.Petra', 'Pavelkovits Petra', 'Blikk Kft.', 'petra.pavelkovits@blikk.hu'),
(416, 'vizi.gyongyi', 'Vizi Gyöngyi Mária', 'Blikk Kft.', 'gyongyi.vizi@blikk.hu'),
(417, 'Vodnyanszky.Eva', 'Vodnyánszky Éva', 'RAS Magyarország Kft.', 'eva.vodnyanszky@ringieraxelspringer.hu'),
(418, 'Csabai.Alexandra', 'Csabai Alexandra', 'RAS Magyarország Kft.', 'alexandra.csabai@ringieraxelspringer.hu'),
(419, 'balazs.wagner', 'Wágner Balázs', 'profession.hu Kft.', 'balazs.wagner@profession.hu'),
(420, 'Wimmer.Anita', 'Wimmer Anita', 'RAS Magyarország Kft.', 'anita.wimmer@ringieraxelspringer.hu'),
(421, 'Winkler.Peter', 'Winkler Péter', 'RAS Magyarország Kft.', 'peter.winkler@ringieraxelspringer.hu'),
(422, 'eva.wrobel', 'Wrobel Éva', 'profession.hu Kft.', 'eva.wrobel@profession.hu'),
(423, 'orsolya.bacskai', 'Zabán-Bácskai Orsolya', 'profession.hu Kft.', 'orsolya.bacskai@profession.hu'),
(424, 'krisztian.zsedely', 'Zsédely Krisztián', 'profession.hu Kft.', 'krisztian.zsedely@profession.hu'),
(425, 'zsikla.janos', 'Zsikla János', 'RAS-NYOMDA Nyomdaipari Kft.', 'janos.zsikla@ringieraxelspringer.hu'),
(426, 'zsolnai.peter', 'Zsolnai Péter', 'Blikk Kft.', 'peter.zsolnai@blikk.hu'),
(427, 'Bakay.Dora', 'Bakay Dóra Márta', 'VINTON Kiadó Kft.', 'dora.bakay@raspartner.hu'),
(428, 'balazs.barnabas', 'Balázs Barnabás', 'Blikk Kft.', 'barnabas.balazs@blikk.hu'),
(429, 'bettina.bence', 'Bence Bettina', 'profession.hu Kft.', 'bettina.bence@profession.hu'),
(430, 'Blikk.gyakornok1', 'Blikk gyakornok1', 'Blikk Kft.', 'blikkgyakornok1@blikkpartner.hu'),
(431, 'Blikk.Gyakornok2', 'Blikkgyakornok2', 'Blikk Kft.', 'blikkgyakornok2@blikkpartner.hu'),
(432, 'Blikk.Gyakornok3', 'Blikkgyakornok3', 'Blikk Kft.', 'blikkgyakornok3@blikkpartner.hu'),
(433, 'Blikk.Gyakornok4', 'Blikkgyakornok4', 'Blikk Kft.', 'blikkgyakornok4@blikkpartner.hu'),
(434, 'Blikk.Gyakornok5', 'Blikkgyakornok5', 'Blikk Kft.', 'blikkgyakornok5@blikkpartner.hu'),
(435, 'blikkgyakornok6', 'Blikkgyakornok6', 'Blikk Kft.', 'blikkgyakornok6@blikkpartner.hu'),
(436, 'BlikkhuGyakornok10', 'blikkhugyakornok10', 'Blikk Kft.', 'blikkhugyakornok10@blikkpartner.hu'),
(437, 'Blikkhugyakornok4', 'blikkhugyakornok4', 'Blikk Kft.', 'blikkhugyakornok4@blikkpartner.hu'),
(438, 'Blikkhugyakornok5', 'blikkhugyakornok5', 'Blikk Kft.', 'blikkhugyakornok5@blikkpartner.hu'),
(439, 'Blikkhugyakornok6', 'blikkhugyakornok6', 'Blikk Kft.', 'blikkhugyakornok6@blikkpartner.hu'),
(440, 'Blikkhugyakornok7', 'blikkhugyakornok7', 'Blikk Kft.', 'blikkhugyakornok7@blikkpartner.hu'),
(441, 'BlikkhuGyakornok8', 'blikkhugyakornok8', 'Blikk Kft.', 'blikkhugyakornok8@blikkpartner.hu'),
(442, 'BlikkhuGyakornok9', 'blikkhugyakornok9', 'Blikk Kft.', 'blikkhugyakornok9@blikkpartner.hu'),
(443, 'roland.botlik', 'Botlik Roland', 'profession.hu Kft.', 'roland.botlik@profession.hu'),
(444, 'nincs AD felhasználója', 'Cziglán Panni', 'RAS Magyarország Kft.', 'panni.cziglan@raspartner.hu'),
(445, 'diak.iroda', 'diak.iroda', 'profession.hu Kft.', 'diak.iroda@profession.hu'),
(446, 'diak.profession', 'diak.profession', 'profession.hu Kft.', 'diak.profession@profession.hu'),
(447, 'Digitalis.Gyakornok3', 'digitális.gyakornok3', 'RAS Magyarország Kft.', 'digitalis.gyakornok3@raspartner.hu'),
(448, 'attila.mehes', 'Méhes Attila János', 'profession.hu Kft.', 'attila.mehes@profession.hu'),
(449, 'Gyimothy.Gabor', 'Gyimóthy Gábor', 'Blikk Kft.', 'gabor.gyimothy@blikkpartner.hu'),
(450, 'krisztina.kada', 'Kada Krisztina', 'profession.hu Kft.', 'krisztina.kada@profession.hu'),
(451, 'Kissne.Klara', 'Kissné Kosztolányi Klára', 'VINTON Kiadó Kft.', 'klara.kissne@raspartner.hu'),
(452, 'koczka.eva', 'Koczka Éva', 'RAS Magyarország Kft.', 'eva.koczka@raspartner.hu'),
(453, 'nincs AD felhasználója', 'Koós Szabolcs', 'Blikk Kft.', 'szabolcs.koos@blikk.hu'),
(454, 'lakatos.bence', 'Lakatos Bence', 'Blikk Kft.', 'bence.lakatos@blikkpartner.hu'),
(455, 'marketing.gyakornok2', 'Marketing gyakornok 2', 'RAS Magyarország Kft.', 'marketing.gyakornok2@raspartner.hu'),
(456, 'csaba.moldovan', 'Moldován Csaba Zoltán', 'profession.hu Kft.', 'csaba.moldovan@profession.hu'),
(457, 'noizzgyakornok1', 'noizzgyakornok1', 'RAS Magyarország Kft.', 'noizzgyakornok1@raspartner.hu'),
(458, 'noizzgyakornok2', 'noizzgyakornok2', 'RAS Magyarország Kft.', 'noizzgyakornok2@raspartner.hu'),
(459, 'nyul.zsuzsanna', 'Nyúl Zsuzsanna', 'RAS Magyarország Kft.', 'zsuzsanna.nyul@raspartner.hu'),
(460, 'Obreczany.Eva', 'Obreczány Éva', 'Blikk Kft.', 'eva.obreczany@blikk.hu'),
(461, 'nincs AD felhasználója', 'Zám Adrienn', 'RAS Magyarország Kft.', 'adrienn.zam@ringieraxelspringer.hu'),
(462, 'Hirdetes.Gyakornok4', 'kirdetés.gyakornok4', 'RAS Magyarország Kft.', 'hirdetes.gyakornok4@raspartner.hu'),
(463, 'Noilapok.Onlinegyak', 'Nőilapok.onlinegyakornok', 'RAS Magyarország Kft.', 'noilapok.onlinegyakornok@raspartner.hu'),
(464, 'gasztro.gyakornok', 'gasztro.gyakornok', 'RAS Magyarország Kft.', 'gasztro.gyakornok@raspartner.hu'),
(465, 'Szabo.Bernadett', 'Szabó Bernadett', 'RAS Magyarország Kft.', 'bernadett.szabo@raspartner.hu'),
(466, 'krisztina.abahazy', 'Abaházy Krisztina', 'profession.hu Kft.', 'krisztina.abahazy@profession.hu'),
(467, 'berey.eszter', 'Berey Eszter', 'RAS Magyarország Kft.', 'eszter.berey@raspartner.hu'),
(468, 'hirdetes.gyakornok3', 'hirdetés. gyakornok3', 'RAS Magyarország Kft.', 'hirdetes.gyakornok3@raspartner.hu'),
(469, 'adam.vermes', 'Vermes Ádám', 'profession.hu Kft.', 'adam.vermes@profession.hu'),
(470, 'Ugyvezetes.Vendeg2', 'Ugyvezetes.Vendeg2', 'RAS Magyarország Kft.', 'ugyv.v1@ringieraxelspringer.hu'),
(471, 'laszlo.vukovich', 'Vukovich László', 'profession.hu Kft.', 'laszlo.vukovich@profession.hu'),
(472, 'hirdetes.gyakornok2', 'hirdetés.gyakornok2', 'RAS Magyarország Kft.', 'hirdetes.gyakornok2@raspartner.hu'),
(473, 'balazs.kristok', 'Kristók Balázs', 'profession.hu Kft.', 'balazs.kristok@profession.hu'),
(474, 'erdos.krisztina', 'Erdős Krisztina', 'RAS Magyarország Kft.', 'krisztina.erdos@raspartner.hu'),
(475, 'Blikkhugyakornok2', 'blikkhugyakornok2', 'Blikk Kft.', 'blikkhugyakornok2@blikkpartner.hu'),
(476, 'nagypal.peter', 'Nagypál Péter', 'RAS Magyarország Kft.', 'peter.nagypal@raspartner.hu'),
(477, 'gyula.garaci', 'Garaci Gyula', 'profession.hu Kft.', 'gyula.garaci@profession.hu'),
(478, 'Zsanko.Zsuzsanna', 'Kosnás Roland', 'RAS Magyarország Kft.', 'zsuzsa.zsanko@raspartner.hu'),
(479, 'zoltan.balogh', 'Balogh Zoltán', 'profession.hu Kft.', 'zoltan.balogh@professionpartner.hu'),
(480, 'Eletmodlapok.Kulsos', 'Eletmodlapok.Kulsos', 'RAS Magyarország Kft.', 'eletmódlapok.kulsos@raspartner.hu'),
(481, 'nincs AD felhasználója', 'Havasi Virág', 'RAS Magyarország Kft.', 'virag.havasi@ringieraxelspringer.hu'),
(482, 'socialgyakornok', 'socialgyakornok', 'RAS Magyarország Kft.', 'socialgyakornok@raspartner.hu'),
(483, 'robert.lang', 'Láng Róbert', 'profession.hu Kft.', 'robert.lang@profession.hu'),
(484, 'glock.melinda', 'Glock Melinda', 'RAS Magyarország Kft.', 'melinda.glock@raspartner.hu'),
(485, 'katalin.roman', 'Román Katalin', 'profession.hu Kft.', 'katalin.roman@profession.hu'),
(486, 'Herczku.Beatrix', 'Herczku Beatrix', 'RAS Magyarország Kft.', 'beatrix.herczku@raspartner.hu'),
(487, 'boldizsar.babay', 'Babay Boldizsár', 'profession.hu Kft.', 'boldizsar.babay@profession.hu'),
(488, 'szanto.tamas', 'Szántó Tamás', 'RAS Magyarország Kft.', 'tamas.szanto@raspartner.hu'),
(489, 'Noilapok.Gyakornok', 'Nőilapok.Gyakornok', 'RAS Magyarország Kft.', 'noilapok.gyakornok@raspartner.hu'),
(490, 'adam.kovacs', 'Kovács Ádám', 'profession.hu Kft.', 'adam.kovacs@professionpartner.hu'),
(491, 'Szkiba.Irina', 'Szkiba Irina', 'RAS Magyarország Kft.', 'irina.szkiba@raspartner.hu'),
(492, 'Noilapok.Gyakornok2', 'Nőilapok.Gyakornok2', 'RAS Magyarország Kft.', 'noilapok.gyakornok2@raspartner.hu'),
(493, 'peter.szenasy', 'Szénásy Péter', 'profession.hu Kft.', 'peter.szenasy@profession.hu'),
(494, 'Janko.Zita', 'Jankó Zita', 'RAS Magyarország Kft.', 'zita.janko@raspartner.hu'),
(495, 'daniel.farkas', 'Farkas Dániel', 'profession.hu Kft.', 'daniel.farkas@profession.hu'),
(496, 'Rejtvenylapok.Tordel', 'rejtvénylapok tördelő', 'RAS Magyarország Kft.', 'rejtvenylapok.tordelo@raspartner.hu'),
(497, 'roland.farago', 'Faragó Roland', 'profession.hu Kft.', 'roland.farago@professionpartner.hu'),
(498, 'petra.karacsony', 'Karácsony Petra', 'profession.hu Kft.', 'petra.karacsony@profession.hu'),
(499, 'timea.balazs', 'Balázs Tímea e.v', 'profession.hu Kft.', 'timea.balazs@professionpartner.hu'),
(500, 'Blikkhugyakornok3', 'blikkhugyakornok3', 'Blikk Kft.', 'blikkhugyakornok3@blikkpartner.hu'),
(501, 'nincs AD felhasználója', 'Pallagi Janka', 'profession.hu Kft.', 'janka.pallagi@profession.hu'),
(502, 'Peter.Jozsef', 'Péter József', 'RAS Magyarország Kft.', 'jozsef.peter@raspartner.hu'),
(503, 'zsolt.borbely', 'Borbély Zsolt', 'profession.hu Kft.', 'zsolt.borbely@profession.hu'),
(504, 'nincs AD felhasználója', 'Barok Tamás', 'Blikk Kft.', 'tamas.barok@blikkpartner.hu'),
(505, 'novak.petra', 'Novák Petra', 'Blikk Kft.', 'petra.novak@raspartner.hu'),
(506, 'csilla.cser', 'Cser Lilla', 'profession.hu Kft.', 'csilla.cser@profession.hu'),
(507, 'attila.potocki', 'Potocki Attila', 'profession.hu Kft.', 'attila.potocki@profession.hu'),
(508, 'gabor.galbacs', 'Galbács Gábor', 'profession.hu Kft.', 'gabor.galbacs@profession.hu'),
(509, 'Hirdetes.Gyakornok', 'hirdetés.gyakornok', 'RAS Magyarország Kft.', 'hirdetes.gyakornok@raspartner.hu'),
(510, 'Regenyi.Marta', 'Regényi Márta', 'RAS Magyarország Kft.', 'marta.regenyi@raspartner.hu'),
(511, 'Noilapok.Onlinegyak2', 'Nőilapok.onlinegyakornok2', 'RAS Magyarország Kft.', 'noilapok.onlinegyakornok2@raspartner.hu'),
(512, 'janos.esztergomi', 'Esztergomi János', 'profession.hu Kft.', 'janos.esztergomi@profession.hu'),
(513, 'varga.csenge', 'Varga Csenge', 'RAS Magyarország Kft.', 'csenge.varga@raspartner.hu'),
(514, 'Lukacs.Annabella', 'Lukács Annabella', 'RAS Magyarország Kft.', 'Annabella.Lukacs@raspartner.hu'),
(515, 'it.gyakornok', 'IT gyakornok', 'RAS Magyarország Kft.', 'itgyakornok@raspartner.hu');
INSERT INTO `voters` (`id`, `username`, `name`, `company`, `employee_id`) VALUES
(516, 'soponyai.viktor', 'Soponyai Viktor', 'RAS Magyarország Kft.', 'viktor.soponyai@raspartner.hu'),
(517, 'adam.bobor', 'Bobor Ádám', 'profession.hu Kft.', 'adam.bobor@profession.hu'),
(518, 'bence.varga', 'Varga Bence', 'profession.hu Kft.', 'bence.varga@profession.hu'),
(519, 'Ugyvezetes.Vendeg1', 'Ugyvezetes.Vendeg1', 'RAS Magyarország Kft.', 'Ugyv.V@ringieraxelspringer.hu'),
(520, 'Soos.Barbara', 'Drávai Barbara', 'RAS Magyarország Kft.', 'barbara.soos@raspartner.hu'),
(521, 'Tanos.Eva', 'Tanos Éva', 'RAS Magyarország Kft.', 'eva.tanos@raspartner.hu'),
(522, 'Nemeth.Eva', 'Németh Éva', 'RAS Magyarország Kft.', 'eva.nemeth@raspartner.hu'),
(523, 'Laky.Judit', 'Laki Judit', 'RAS Magyarország Kft.', 'judit.laki@raspartner.hu'),
(524, 'schuch.barnabas', 'Schuch Barnabás', 'RAS Magyarország Kft.', 'gyakornok.kommunikacio@ringieraxelspringer.hu'),
(525, 'Mate.Eva', 'Máté Éva', 'RAS Magyarország Kft.', 'eva.mate@raspartner.hu'),
(526, 'Kalmar.Peter', 'Kalmár Péter', 'RAS Magyarország Kft.', 'peter.kalmar@raspartner.hu'),
(527, 'Czifra.Anna', 'Czifra Anna', 'RAS Magyarország Kft.', 'anna.czifra@raspartner.hu'),
(528, 'Blikkhugyakornok1', 'blikkhugyakornok1', 'Blikk Kft.', 'blikkhugyakornok1@blikkpartner.hu'),
(529, 'Lieberman.Klara', 'Lieberman Klára', 'RAS Magyarország Kft.', 'klara.lieberman@raspartner.hu'),
(530, 'budaiadm', 'Budai Tibor', 'RAS Magyarország Kft.', 'tibor.budai@raspartner.hu'),
(531, 'Egri.Marta', 'Egri Márta', 'RAS Magyarország Kft.', 'marti.egri@raspartner.hu'),
(532, 'Horvath.Sara', 'Horváth Sára', 'RAS Magyarország Kft.', 'sara.horvath@raspartner.hu'),
(533, 'B.Toth.Agnes', 'B. Tóth Ágnes', 'RAS Magyarország Kft.', 'agnes.btoth@raspartner.hu'),
(534, 'mihaly.goher', 'Gohér Mihály e.v.', 'profession.hu Kft.', 'mihaly.goher@profession.hu'),
(535, 'Ifj.Nemes.Peter', 'Nemes Péter', 'RAS Magyarország Kft.', 'peter.nemes.ifj@raspartner.hu'),
(536, 'Graner.Istvan', 'Gráner István', 'RAS Magyarország Kft.', 'istvan.graner@raspartner.hu'),
(537, 'noizzdiak', 'Noizzgyakornok', 'RAS Magyarország Kft.', 'noizzdiak@raspartner.hu'),
(538, 'Dr.Laufer.Judit', 'Laufer Judit', 'RAS Magyarország Kft.', 'judit.laufer@raspartner.hu'),
(539, 'Szucs.Laszlo', 'Szűcs László', 'RAS Magyarország Kft.', 'laszlo.szucs@raspartner.hu'),
(540, 'Rona.Katalin', 'Gyapayné Róna Katalin', 'RAS Magyarország Kft.', 'katalin.rona@raspartner.hu'),
(541, 'Striho.Zsuzsa', 'Strihó Ágnes Zsuzsanna', 'RAS Magyarország Kft.', 'zsuzsa.striho@raspartner.hu'),
(542, 'hr.nyarigyakornok', 'HR gyakornok', 'RAS Magyarország Kft.', 'hrgyakornok@raspartner.hu'),
(543, 'racz.tamara', 'Rácz Tamara', 'RAS Magyarország Kft.', 'tamara.racz@raspartner.hu'),
(544, 'szembratovics.gergo', 'Szembratovics Gergő', 'RAS Magyarország Kft.', 'gergo.szembratovics@raspartner.hu'),
(545, 'Blikk.foto1', 'Blikk.foto1', 'Blikk Kft.', 'blikkfoto1@blikkpartner.hu'),
(546, 'Szucs.Istvan', 'Szűcs István', 'RAS Magyarország Kft.', 'istvan.szucs@raspartner.hu'),
(547, 'gasztro.gyakornok2', 'gasztro.gyakornok2', 'RAS Magyarország Kft.', 'gasztro.gyakornok2@raspartner.hu'),
(548, 'Dus.Agnes', 'György Sándorné', 'RAS Magyarország Kft.', 'agnes.dus@raspartner.hu'),
(549, 'Rejtvenylapok.Kozos', 'Rejtvénylapok.Közös', 'RAS Magyarország Kft.', 'rejtvenylapok.kulsos@raspartner.hu'),
(550, 'Braun.Csaba', 'Braun Csaba', 'RAS Magyarország Kft.', 'csaba.braun@raspartner.hu'),
(732, 'b.bacsi', 'Bácsi Bettina privát', 'profession.hu Kft.', 'b.bacsi@profession.hu'),
(733, 'virag.dani', 'Virág Dani', 'RAS Magyarország Kft.', 'daniel.virag@raspartner.hu');

-- --------------------------------------------------------

--
-- Tábla szerkezet ehhez a táblához `votes`
--

CREATE TABLE `votes` (
  `id` int(11) NOT NULL,
  `org` varchar(60) NOT NULL,
  `pos` varchar(60) NOT NULL,
  `candidate_id` int(11) NOT NULL,
  `voters_id` int(11) NOT NULL
) ENGINE=InnoDB DEFAULT CHARSET=utf8;

--
-- A tábla adatainak kiíratása `votes`
--

INSERT INTO `votes` (`id`, `org`, `pos`, `candidate_id`, `voters_id`) VALUES
(24, 'RAS Cégcsoport', 'Az Innovátor', 77, 524),
(25, 'RAS Cégcsoport', 'A Csapat', 131, 351),
(26, 'RAS Cégcsoport', 'A Csapat', 138, 309),
(27, 'RAS Cégcsoport', 'A Csapat', 131, 142),
(28, 'RAS Cégcsoport', 'Az Innovátor', 79, 309),
(29, 'RAS Cégcsoport', 'Az Innovátor', 75, 145),
(30, 'RAS Cégcsoport', 'A Történetmesélő', 119, 309),
(31, 'RAS Cégcsoport', 'Az Innovátor', 79, 136),
(32, 'RAS Cégcsoport', 'A Történetmesélő', 126, 145),
(33, 'RAS Cégcsoport', 'A Csapat', 131, 145),
(34, 'RAS Cégcsoport', 'A Kolléga', 114, 309),
(35, 'RAS Cégcsoport', 'A Kolléga', 113, 145),
(36, 'RAS Cégcsoport', 'A Kolléga', 114, 323),
(37, 'RAS Cégcsoport', 'A Csapat', 137, 323),
(38, 'RAS Cégcsoport', 'A Történetmesélő', 120, 323),
(39, 'RAS Cégcsoport', 'Az Innovátor', 79, 323),
(40, 'RAS Cégcsoport', 'A Történetmesélő', 119, 136),
(41, 'RAS Cégcsoport', 'A Csapat', 138, 136),
(42, 'RAS Cégcsoport', 'A Kolléga', 114, 136),
(43, 'RAS Cégcsoport', 'A Csapat', 131, 65),
(44, 'RAS Cégcsoport', 'A Csapat', 128, 99),
(45, 'RAS Cégcsoport', 'Az Innovátor', 79, 442),
(46, 'RAS Cégcsoport', 'A Kolléga', 107, 99),
(47, 'RAS Cégcsoport', 'A Történetmesélő', 119, 442),
(48, 'RAS Cégcsoport', 'A Csapat', 138, 442),
(49, 'RAS Cégcsoport', 'A Kolléga', 114, 442),
(50, 'RAS Cégcsoport', 'A Csapat', 133, 363),
(51, 'RAS Cégcsoport', 'A Kolléga', 116, 363),
(52, 'RAS Cégcsoport', 'Az Innovátor', 79, 344),
(53, 'RAS Cégcsoport', 'A Történetmesélő', 118, 344),
(54, 'RAS Cégcsoport', 'A Csapat', 132, 344),
(55, 'RAS Cégcsoport', 'A Kolléga', 111, 344),
(56, 'RAS Cégcsoport', 'Az Innovátor', 74, 71),
(57, 'RAS Cégcsoport', 'A Történetmesélő', 118, 71),
(58, 'RAS Cégcsoport', 'Az Innovátor', 77, 351),
(59, 'RAS Cégcsoport', 'A Csapat', 138, 435),
(60, 'RAS Cégcsoport', 'A Kolléga', 111, 71),
(61, 'RAS Cégcsoport', 'A Kolléga', 114, 435),
(62, 'RAS Cégcsoport', 'A Kolléga', 106, 351),
(63, 'RAS Cégcsoport', 'A Csapat', 132, 71),
(64, 'RAS Cégcsoport', 'A Történetmesélő', 127, 435),
(65, 'RAS Cégcsoport', 'A Csapat', 131, 56),
(66, 'RAS Cégcsoport', 'Az Innovátor', 77, 435),
(67, 'RAS Cégcsoport', 'Az Innovátor', 73, 268),
(68, 'RAS Cégcsoport', 'A Történetmesélő', 119, 268),
(69, 'RAS Cégcsoport', 'A Csapat', 138, 268),
(70, 'RAS Cégcsoport', 'A Kolléga', 113, 268),
(71, 'RAS Cégcsoport', 'A Kolléga', 114, 414),
(72, 'RAS Cégcsoport', 'A Csapat', 128, 403),
(73, 'RAS Cégcsoport', 'A Kolléga', 107, 403),
(74, 'RAS Cégcsoport', 'Az Innovátor', 76, 486),
(75, 'RAS Cégcsoport', 'Az Innovátor', 75, 35),
(76, 'RAS Cégcsoport', 'A Történetmesélő', 121, 486),
(77, 'RAS Cégcsoport', 'A Csapat', 134, 486),
(78, 'RAS Cégcsoport', 'A Történetmesélő', 118, 35),
(79, 'RAS Cégcsoport', 'A Kolléga', 105, 486),
(80, 'RAS Cégcsoport', 'A Csapat', 134, 35),
(81, 'RAS Cégcsoport', 'A Kolléga', 107, 35),
(82, 'PROFESSION.HU', 'Az Innovátor', 84, 268),
(83, 'RAS Cégcsoport', 'A Történetmesélő', 120, 78),
(84, 'RAS Cégcsoport', 'Az Innovátor', 76, 168),
(85, 'RAS Cégcsoport', 'A Csapat', 128, 78),
(86, 'RAS Cégcsoport', 'A Kolléga', 105, 78),
(87, 'RAS Cégcsoport', 'A Csapat', 138, 436),
(88, 'RAS Cégcsoport', 'A Történetmesélő', 121, 168),
(89, 'RAS Cégcsoport', 'A Csapat', 134, 168),
(90, 'RAS Cégcsoport', 'Az Innovátor', 74, 379),
(91, 'PROFESSION.HU', 'Az Innovátor', 81, 141),
(92, 'RAS Cégcsoport', 'A Történetmesélő', 126, 379),
(93, 'RAS Cégcsoport', 'A Kolléga', 115, 168),
(94, 'PROFESSION.HU', 'Az Ügyfélélmény-építő', 91, 141),
(95, 'RAS Cégcsoport', 'A Kolléga', 105, 399),
(96, 'RAS Cégcsoport', 'A Csapat', 131, 379),
(97, 'PROFESSION.HU', 'A Csapat', 147, 141),
(98, 'RAS Cégcsoport', 'A Kolléga', 112, 379),
(99, 'RAS Cégcsoport', 'A Csapat', 134, 227),
(100, 'PROFESSION.HU', 'A Kolléga', 100, 141),
(101, 'RAS Cégcsoport', 'A Kolléga', 115, 227),
(102, 'RAS Cégcsoport', 'A Történetmesélő', 119, 227),
(103, 'RAS Cégcsoport', 'Az Innovátor', 73, 131),
(104, 'RAS Cégcsoport', 'A Történetmesélő', 122, 131),
(105, 'RAS Cégcsoport', 'A Csapat', 133, 131),
(106, 'RAS Cégcsoport', 'A Kolléga', 106, 131),
(107, 'RAS Cégcsoport', 'A Csapat', 133, 90),
(108, 'RAS Cégcsoport', 'A Kolléga', 108, 90),
(109, 'RAS Cégcsoport', 'A Történetmesélő', 120, 217),
(110, 'RAS Cégcsoport', 'A Csapat', 128, 217),
(111, 'RAS Cégcsoport', 'A Csapat', 128, 545),
(112, 'RAS Cégcsoport', 'Az Innovátor', 73, 335),
(113, 'RAS Cégcsoport', 'A Csapat', 134, 335),
(114, 'RAS Cégcsoport', 'Az Innovátor', 74, 325),
(115, 'RAS Cégcsoport', 'Az Innovátor', 79, 95),
(116, 'RAS Cégcsoport', 'A Történetmesélő', 127, 325),
(117, 'RAS Cégcsoport', 'A Csapat', 140, 325),
(118, 'RAS Cégcsoport', 'A Történetmesélő', 127, 95),
(119, 'RAS Cégcsoport', 'A Csapat', 131, 327),
(120, 'RAS Cégcsoport', 'A Csapat', 138, 95),
(121, 'RAS Cégcsoport', 'A Kolléga', 106, 327),
(122, 'RAS Cégcsoport', 'A Kolléga', 114, 95),
(123, 'RAS Cégcsoport', 'A Kolléga', 111, 325),
(124, 'RAS Cégcsoport', 'Az Innovátor', 79, 395),
(125, 'RAS Cégcsoport', 'A Történetmesélő', 119, 395),
(126, 'PROFESSION.HU', 'A Kolléga', 99, 258),
(127, 'RAS Cégcsoport', 'A Csapat', 138, 395),
(128, 'RAS Cégcsoport', 'A Kolléga', 107, 395),
(129, 'PROFESSION.HU', 'Az Innovátor', 83, 258),
(130, 'PROFESSION.HU', 'Az Ügyfélélmény-építő', 89, 258),
(131, 'RAS Cégcsoport', 'Az Innovátor', 79, 217),
(132, 'PROFESSION.HU', 'A Csapat', 145, 258),
(133, 'PROFESSION.HU', 'Az Innovátor', 82, 104),
(134, 'PROFESSION.HU', 'Az Innovátor', 80, 10),
(135, 'PROFESSION.HU', 'Az Ügyfélélmény-építő', 88, 104),
(136, 'PROFESSION.HU', 'Az Ügyfélélmény-építő', 88, 10),
(137, 'PROFESSION.HU', 'Az Innovátor', 80, 302),
(138, 'PROFESSION.HU', 'A Csapat', 145, 104),
(139, 'PROFESSION.HU', 'A Csapat', 145, 10),
(140, 'PROFESSION.HU', 'Az Ügyfélélmény-építő', 88, 302),
(141, 'PROFESSION.HU', 'A Csapat', 145, 302),
(142, 'PROFESSION.HU', 'A Kolléga', 99, 10),
(143, 'PROFESSION.HU', 'A Kolléga', 99, 302),
(144, 'PROFESSION.HU', 'A Kolléga', 99, 104),
(145, 'PROFESSION.HU', 'A Kolléga', 93, 164),
(146, 'RAS Cégcsoport', 'A Kolléga', 107, 217),
(147, 'RAS Cégcsoport', 'Az Innovátor', 74, 380),
(148, 'PROFESSION.HU', 'Az Innovátor', 81, 338),
(149, 'RAS Cégcsoport', 'A Történetmesélő', 126, 380),
(150, 'PROFESSION.HU', 'Az Ügyfélélmény-építő', 91, 338),
(151, 'PROFESSION.HU', 'A Csapat', 143, 338),
(152, 'PROFESSION.HU', 'A Kolléga', 104, 338),
(153, 'RAS Cégcsoport', 'A Csapat', 131, 380),
(154, 'RAS Cégcsoport', 'A Kolléga', 115, 380),
(155, 'RAS Cégcsoport', 'Az Innovátor', 75, 338),
(156, 'RAS Cégcsoport', 'A Történetmesélő', 120, 338),
(157, 'RAS Cégcsoport', 'Az Innovátor', 79, 223),
(158, 'RAS Cégcsoport', 'A Történetmesélő', 123, 223),
(159, 'PROFESSION.HU', 'Az Innovátor', 82, 272),
(160, 'RAS Cégcsoport', 'A Csapat', 128, 338),
(161, 'RAS Cégcsoport', 'A Csapat', 140, 223),
(162, 'RAS Cégcsoport', 'A Kolléga', 105, 223),
(163, 'PROFESSION.HU', 'Az Innovátor', 81, 164),
(164, 'PROFESSION.HU', 'Az Ügyfélélmény-építő', 85, 164),
(165, 'PROFESSION.HU', 'A Csapat', 142, 164),
(166, 'PROFESSION.HU', 'A Kolléga', 101, 55),
(167, 'RAS Cégcsoport', 'A Kolléga', 109, 338),
(168, 'RAS Cégcsoport', 'Az Innovátor', 78, 190),
(169, 'RAS Cégcsoport', 'A Történetmesélő', 121, 190),
(170, 'RAS Cégcsoport', 'A Csapat', 134, 190),
(171, 'RAS Cégcsoport', 'A Kolléga', 112, 190),
(172, 'PROFESSION.HU', 'Az Innovátor', 83, 138),
(173, 'PROFESSION.HU', 'Az Ügyfélélmény-építő', 85, 138),
(174, 'PROFESSION.HU', 'A Csapat', 149, 138),
(175, 'RAS Cégcsoport', 'A Kolléga', 116, 161),
(176, 'PROFESSION.HU', 'A Kolléga', 104, 138),
(177, 'RAS Cégcsoport', 'A Csapat', 139, 161),
(178, 'RAS Cégcsoport', 'A Történetmesélő', 119, 161),
(179, 'RAS Cégcsoport', 'Az Innovátor', 74, 161),
(180, 'PROFESSION.HU', 'Az Ügyfélélmény-építő', 90, 272),
(181, 'PROFESSION.HU', 'A Csapat', 144, 272),
(182, 'RAS Cégcsoport', 'A Csapat', 139, 252),
(183, 'PROFESSION.HU', 'A Kolléga', 93, 272),
(184, 'RAS Cégcsoport', 'Az Innovátor', 74, 252),
(185, 'RAS Cégcsoport', 'A Történetmesélő', 119, 252),
(186, 'RAS Cégcsoport', 'A Kolléga', 116, 252),
(187, 'RAS Cégcsoport', 'A Kolléga', 114, 381),
(188, 'RAS Cégcsoport', 'A Csapat', 137, 381),
(189, 'RAS Cégcsoport', 'A Történetmesélő', 120, 381),
(190, 'RAS Cégcsoport', 'Az Innovátor', 79, 381),
(191, 'RAS Cégcsoport', 'Az Innovátor', 79, 116),
(192, 'RAS Cégcsoport', 'A Történetmesélő', 123, 116),
(193, 'RAS Cégcsoport', 'A Csapat', 128, 116),
(194, 'PROFESSION.HU', 'A Kolléga', 93, 165),
(195, 'RAS Cégcsoport', 'A Kolléga', 107, 116),
(196, 'RAS Cégcsoport', 'A Csapat', 131, 100),
(197, 'RAS Cégcsoport', 'A Kolléga', 106, 100),
(198, 'PROFESSION.HU', 'Az Innovátor', 84, 182),
(199, 'PROFESSION.HU', 'Az Ügyfélélmény-építő', 88, 182),
(200, 'PROFESSION.HU', 'A Csapat', 149, 182),
(201, 'PROFESSION.HU', 'A Kolléga', 94, 182),
(202, 'RAS Cégcsoport', 'Az Innovátor', 78, 345),
(203, 'PROFESSION.HU', 'A Csapat', 145, 171),
(204, 'RAS Cégcsoport', 'A Történetmesélő', 120, 345),
(205, 'PROFESSION.HU', 'A Kolléga', 98, 171),
(206, 'RAS Cégcsoport', 'A Csapat', 137, 345),
(207, 'RAS Cégcsoport', 'Az Innovátor', 73, 478),
(208, 'RAS Cégcsoport', 'A Csapat', 133, 478),
(209, 'RAS Cégcsoport', 'A Kolléga', 111, 345),
(210, 'RAS Cégcsoport', 'A Történetmesélő', 119, 40),
(211, 'RAS Cégcsoport', 'Az Innovátor', 73, 40),
(212, 'PROFESSION.HU', 'Az Innovátor', 82, 181),
(213, 'PROFESSION.HU', 'Az Ügyfélélmény-építő', 90, 181),
(214, 'PROFESSION.HU', 'A Csapat', 151, 181),
(215, 'PROFESSION.HU', 'A Kolléga', 93, 181),
(216, 'RAS Cégcsoport', 'Az Innovátor', 79, 389),
(217, 'RAS Cégcsoport', 'A Csapat', 129, 40),
(218, 'RAS Cégcsoport', 'A Kolléga', 107, 40),
(219, 'RAS Cégcsoport', 'A Csapat', 135, 176),
(220, 'RAS Cégcsoport', 'A Kolléga', 110, 176),
(221, 'RAS Cégcsoport', 'Az Innovátor', 78, 349),
(222, 'RAS Cégcsoport', 'A Történetmesélő', 122, 349),
(223, 'RAS Cégcsoport', 'A Csapat', 130, 349),
(224, 'RAS Cégcsoport', 'A Kolléga', 112, 349),
(225, 'PROFESSION.HU', 'Az Innovátor', 82, 401),
(226, 'PROFESSION.HU', 'Az Ügyfélélmény-építő', 90, 401),
(227, 'PROFESSION.HU', 'A Csapat', 150, 401),
(228, 'PROFESSION.HU', 'A Kolléga', 98, 401),
(229, 'PROFESSION.HU', 'Az Innovátor', 80, 86),
(230, 'PROFESSION.HU', 'A Kolléga', 100, 86),
(231, 'PROFESSION.HU', 'A Csapat', 145, 86),
(232, 'PROFESSION.HU', 'Az Ügyfélélmény-építő', 88, 86),
(233, 'RAS Cégcsoport', 'A Történetmesélő', 120, 110),
(234, 'RAS Cégcsoport', 'Az Innovátor', 74, 16),
(235, 'RAS Cégcsoport', 'A Történetmesélő', 118, 16),
(236, 'RAS Cégcsoport', 'A Csapat', 128, 16),
(237, 'RAS Cégcsoport', 'A Kolléga', 111, 16),
(238, 'PROFESSION.HU', 'Az Innovátor', 81, 396),
(239, 'PROFESSION.HU', 'Az Ügyfélélmény-építő', 87, 396),
(240, 'PROFESSION.HU', 'A Csapat', 142, 396),
(241, 'PROFESSION.HU', 'A Kolléga', 102, 396),
(242, 'PROFESSION.HU', 'Az Innovátor', 82, 339),
(243, 'PROFESSION.HU', 'Az Ügyfélélmény-építő', 89, 339),
(244, 'PROFESSION.HU', 'A Csapat', 144, 339),
(245, 'PROFESSION.HU', 'A Kolléga', 101, 339),
(246, 'PROFESSION.HU', 'Az Innovátor', 80, 412),
(247, 'PROFESSION.HU', 'Az Ügyfélélmény-építő', 91, 412),
(248, 'PROFESSION.HU', 'A Csapat', 147, 412),
(249, 'PROFESSION.HU', 'A Kolléga', 102, 412),
(250, 'RAS Cégcsoport', 'Az Innovátor', 73, 209),
(251, 'RAS Cégcsoport', 'A Történetmesélő', 121, 209),
(252, 'RAS Cégcsoport', 'A Csapat', 133, 209),
(253, 'RAS Cégcsoport', 'A Kolléga', 108, 209),
(254, 'PROFESSION.HU', 'Az Innovátor', 82, 220),
(255, 'PROFESSION.HU', 'Az Ügyfélélmény-építő', 86, 220),
(256, 'PROFESSION.HU', 'A Csapat', 151, 220),
(257, 'PROFESSION.HU', 'A Kolléga', 101, 220),
(258, 'PROFESSION.HU', 'A Kolléga', 100, 295),
(259, 'RAS Cégcsoport', 'Az Innovátor', 74, 77),
(260, 'PROFESSION.HU', 'Az Innovátor', 84, 41),
(261, 'PROFESSION.HU', 'Az Ügyfélélmény-építő', 89, 41),
(262, 'RAS Cégcsoport', 'A Csapat', 136, 77),
(263, 'PROFESSION.HU', 'A Csapat', 151, 41),
(264, 'PROFESSION.HU', 'A Kolléga', 98, 41),
(265, 'RAS Cégcsoport', 'A Kolléga', 111, 77),
(266, 'PROFESSION.HU', 'A Csapat', 147, 353),
(267, 'PROFESSION.HU', 'A Kolléga', 98, 147),
(268, 'PROFESSION.HU', 'A Kolléga', 93, 353),
(269, 'PROFESSION.HU', 'Az Innovátor', 82, 147),
(270, 'PROFESSION.HU', 'Az Ügyfélélmény-építő', 90, 147),
(271, 'RAS Cégcsoport', 'A Csapat', 141, 307),
(272, 'PROFESSION.HU', 'A Csapat', 146, 147),
(273, 'RAS Cégcsoport', 'Az Innovátor', 74, 97),
(274, 'RAS Cégcsoport', 'A Történetmesélő', 123, 97),
(275, 'RAS Cégcsoport', 'A Csapat', 129, 97),
(276, 'RAS Cégcsoport', 'A Kolléga', 114, 97),
(277, 'RAS Cégcsoport', 'A Kolléga', 114, 3),
(278, 'PROFESSION.HU', 'Az Innovátor', 82, 27),
(279, 'PROFESSION.HU', 'Az Ügyfélélmény-építő', 87, 27),
(280, 'PROFESSION.HU', 'A Csapat', 150, 27),
(281, 'PROFESSION.HU', 'A Kolléga', 100, 27),
(282, 'PROFESSION.HU', 'Az Innovátor', 84, 235),
(283, 'PROFESSION.HU', 'A Kolléga', 92, 5),
(284, 'PROFESSION.HU', 'Az Ügyfélélmény-építő', 89, 235),
(285, 'PROFESSION.HU', 'A Csapat', 148, 235),
(286, 'PROFESSION.HU', 'A Kolléga', 104, 235),
(287, 'PROFESSION.HU', 'A Kolléga', 97, 244),
(288, 'PROFESSION.HU', 'A Kolléga', 97, 120),
(289, 'PROFESSION.HU', 'A Kolléga', 95, 60),
(290, 'PROFESSION.HU', 'A Csapat', 148, 60),
(291, 'PROFESSION.HU', 'Az Ügyfélélmény-építő', 89, 60),
(292, 'PROFESSION.HU', 'Az Innovátor', 80, 60),
(293, 'PROFESSION.HU', 'Az Innovátor', 84, 391),
(294, 'PROFESSION.HU', 'Az Ügyfélélmény-építő', 87, 391),
(295, 'PROFESSION.HU', 'A Csapat', 150, 391),
(296, 'PROFESSION.HU', 'A Kolléga', 96, 391),
(297, 'PROFESSION.HU', 'A Kolléga', 97, 185),
(298, 'RAS Cégcsoport', 'A Csapat', 137, 281),
(299, 'PROFESSION.HU', 'Az Ügyfélélmény-építő', 88, 286),
(300, 'PROFESSION.HU', 'Az Innovátor', 84, 225),
(301, 'PROFESSION.HU', 'Az Ügyfélélmény-építő', 90, 225),
(302, 'PROFESSION.HU', 'A Csapat', 149, 225),
(303, 'PROFESSION.HU', 'A Kolléga', 93, 259),
(304, 'PROFESSION.HU', 'Az Innovátor', 84, 259),
(305, 'PROFESSION.HU', 'Az Ügyfélélmény-építő', 85, 259),
(306, 'PROFESSION.HU', 'A Kolléga', 99, 225),
(307, 'RAS Cégcsoport', 'Az Innovátor', 79, 184),
(308, 'RAS Cégcsoport', 'A Történetmesélő', 117, 184),
(309, 'RAS Cégcsoport', 'A Csapat', 128, 184),
(310, 'RAS Cégcsoport', 'A Kolléga', 107, 184),
(311, 'PROFESSION.HU', 'A Csapat', 145, 259),
(312, 'RAS Cégcsoport', 'Az Innovátor', 75, 259),
(313, 'RAS Cégcsoport', 'A Történetmesélő', 122, 259),
(314, 'RAS Cégcsoport', 'A Csapat', 140, 259),
(315, 'RAS Cégcsoport', 'A Kolléga', 113, 259),
(316, 'RAS Cégcsoport', 'Az Innovátor', 73, 195),
(317, 'RAS Cégcsoport', 'A Történetmesélő', 122, 195),
(318, 'RAS Cégcsoport', 'A Csapat', 130, 195),
(319, 'RAS Cégcsoport', 'A Kolléga', 112, 195),
(320, 'PROFESSION.HU', 'Az Innovátor', 82, 32),
(321, 'PROFESSION.HU', 'Az Ügyfélélmény-építő', 88, 32),
(322, 'PROFESSION.HU', 'A Csapat', 150, 32),
(323, 'PROFESSION.HU', 'A Kolléga', 97, 32),
(324, 'RAS Cégcsoport', 'A Csapat', 129, 407),
(325, 'RAS Cégcsoport', 'Az Innovátor', 79, 407),
(326, 'RAS Cégcsoport', 'A Történetmesélő', 123, 407),
(327, 'RAS Cégcsoport', 'A Kolléga', 114, 407),
(328, 'RAS Cégcsoport', 'Az Innovátor', 79, 134),
(329, 'RAS Cégcsoport', 'A Történetmesélő', 117, 134),
(330, 'RAS Cégcsoport', 'A Csapat', 137, 134),
(331, 'RAS Cégcsoport', 'A Kolléga', 107, 134),
(332, 'RAS Cégcsoport', 'Az Innovátor', 74, 287),
(333, 'RAS Cégcsoport', 'A Történetmesélő', 118, 287),
(334, 'RAS Cégcsoport', 'A Csapat', 136, 287),
(335, 'RAS Cégcsoport', 'A Kolléga', 111, 287),
(336, 'RAS Cégcsoport', 'Az Innovátor', 73, 467),
(337, 'RAS Cégcsoport', 'A Történetmesélő', 122, 467),
(338, 'RAS Cégcsoport', 'A Csapat', 133, 467),
(339, 'RAS Cégcsoport', 'A Kolléga', 116, 467),
(340, 'PROFESSION.HU', 'Az Innovátor', 81, 187),
(341, 'PROFESSION.HU', 'Az Ügyfélélmény-építő', 89, 187),
(342, 'PROFESSION.HU', 'A Csapat', 148, 187),
(343, 'PROFESSION.HU', 'A Kolléga', 102, 187),
(344, 'RAS Cégcsoport', 'Az Innovátor', 74, 520),
(345, 'RAS Cégcsoport', 'A Történetmesélő', 122, 520),
(346, 'RAS Cégcsoport', 'A Csapat', 133, 520),
(347, 'RAS Cégcsoport', 'A Kolléga', 116, 520),
(348, 'RAS Cégcsoport', 'Az Innovátor', 79, 346),
(349, 'RAS Cégcsoport', 'A Történetmesélő', 123, 346),
(350, 'RAS Cégcsoport', 'A Csapat', 129, 346),
(351, 'RAS Cégcsoport', 'A Kolléga', 114, 346),
(352, 'PROFESSION.HU', 'Az Innovátor', 83, 62),
(353, 'PROFESSION.HU', 'A Kolléga', 99, 62),
(354, 'PROFESSION.HU', 'Az Ügyfélélmény-építő', 88, 62),
(355, 'PROFESSION.HU', 'A Csapat', 145, 62),
(356, 'RAS Cégcsoport', 'Az Innovátor', 77, 334),
(357, 'RAS Cégcsoport', 'Az Innovátor', 78, 62),
(358, 'RAS Cégcsoport', 'A Csapat', 140, 334),
(359, 'RAS Cégcsoport', 'A Kolléga', 115, 334),
(360, 'RAS Cégcsoport', 'A Történetmesélő', 127, 62),
(361, 'RAS Cégcsoport', 'A Csapat', 130, 62),
(362, 'RAS Cégcsoport', 'Az Innovátor', 78, 15),
(363, 'RAS Cégcsoport', 'A Kolléga', 109, 62),
(364, 'RAS Cégcsoport', 'Az Innovátor', 76, 151),
(365, 'RAS Cégcsoport', 'A Történetmesélő', 117, 151),
(366, 'RAS Cégcsoport', 'A Csapat', 141, 151),
(367, 'RAS Cégcsoport', 'A Kolléga', 107, 151),
(368, 'PROFESSION.HU', 'Az Innovátor', 81, 213),
(369, 'PROFESSION.HU', 'Az Ügyfélélmény-építő', 90, 213),
(370, 'PROFESSION.HU', 'A Csapat', 142, 213),
(371, 'RAS Cégcsoport', 'A Kolléga', 114, 29),
(372, 'RAS Cégcsoport', 'Az Innovátor', 79, 437),
(373, 'RAS Cégcsoport', 'Az Innovátor', 79, 29),
(374, 'RAS Cégcsoport', 'A Történetmesélő', 119, 29),
(375, 'RAS Cégcsoport', 'A Történetmesélő', 119, 437),
(376, 'RAS Cégcsoport', 'A Csapat', 138, 29),
(377, 'RAS Cégcsoport', 'A Csapat', 138, 437),
(378, 'RAS Cégcsoport', 'A Kolléga', 114, 437),
(379, 'RAS Cégcsoport', 'Az Innovátor', 79, 440),
(380, 'RAS Cégcsoport', 'A Történetmesélő', 119, 440),
(381, 'RAS Cégcsoport', 'A Csapat', 138, 440),
(382, 'RAS Cégcsoport', 'A Kolléga', 114, 440),
(383, 'RAS Cégcsoport', 'Az Innovátor', 78, 121),
(384, 'RAS Cégcsoport', 'A Történetmesélő', 117, 121),
(385, 'RAS Cégcsoport', 'A Csapat', 128, 121),
(386, 'RAS Cégcsoport', 'A Csapat', 138, 418),
(387, 'RAS Cégcsoport', 'Az Innovátor', 79, 418),
(388, 'RAS Cégcsoport', 'A Történetmesélő', 127, 418),
(389, 'RAS Cégcsoport', 'A Kolléga', 114, 418),
(390, 'PROFESSION.HU', 'A Kolléga', 104, 105),
(391, 'PROFESSION.HU', 'A Csapat', 146, 105),
(392, 'PROFESSION.HU', 'Az Ügyfélélmény-építő', 90, 105),
(393, 'RAS Cégcsoport', 'A Történetmesélő', 118, 320),
(394, 'RAS Cégcsoport', 'A Csapat', 136, 320),
(395, 'PROFESSION.HU', 'Az Innovátor', 82, 418),
(396, 'PROFESSION.HU', 'Az Ügyfélélmény-építő', 87, 418),
(397, 'PROFESSION.HU', 'A Csapat', 146, 418),
(398, 'PROFESSION.HU', 'A Kolléga', 101, 418),
(399, 'RAS Cégcsoport', 'Az Innovátor', 77, 80),
(400, 'RAS Cégcsoport', 'A Csapat', 135, 80),
(401, 'RAS Cégcsoport', 'A Kolléga', 115, 80),
(402, 'RAS Cégcsoport', 'A Kolléga', 111, 320),
(403, 'PROFESSION.HU', 'A Kolléga', 97, 424),
(404, 'PROFESSION.HU', 'Az Innovátor', 83, 332),
(405, 'PROFESSION.HU', 'Az Ügyfélélmény-építő', 85, 332),
(406, 'RAS Cégcsoport', 'A Kolléga', 111, 383),
(407, 'PROFESSION.HU', 'A Csapat', 143, 332),
(408, 'PROFESSION.HU', 'A Kolléga', 93, 332),
(409, 'PROFESSION.HU', 'A Kolléga', 98, 296),
(410, 'RAS Cégcsoport', 'A Kolléga', 111, 117),
(411, 'RAS Cégcsoport', 'Az Innovátor', 78, 111),
(412, 'RAS Cégcsoport', 'A Történetmesélő', 126, 111),
(413, 'RAS Cégcsoport', 'A Csapat', 139, 111),
(414, 'RAS Cégcsoport', 'A Kolléga', 113, 111),
(415, 'RAS Cégcsoport', 'A Kolléga', 107, 299),
(416, 'RAS Cégcsoport', 'Az Innovátor', 78, 299),
(417, 'RAS Cégcsoport', 'A Történetmesélő', 117, 299),
(418, 'RAS Cégcsoport', 'A Csapat', 128, 299),
(419, 'RAS Cégcsoport', 'Az Innovátor', 73, 270),
(420, 'RAS Cégcsoport', 'A Történetmesélő', 117, 270),
(421, 'RAS Cégcsoport', 'A Csapat', 133, 270),
(422, 'RAS Cégcsoport', 'A Kolléga', 116, 270),
(423, 'RAS Cégcsoport', 'A Csapat', 140, 326),
(424, 'RAS Cégcsoport', 'A Kolléga', 115, 326),
(425, 'RAS Cégcsoport', 'A Csapat', 138, 475),
(426, 'RAS Cégcsoport', 'Az Innovátor', 79, 475),
(427, 'RAS Cégcsoport', 'A Történetmesélő', 127, 475),
(428, 'RAS Cégcsoport', 'A Kolléga', 114, 475),
(429, 'PROFESSION.HU', 'Az Innovátor', 82, 47),
(430, 'PROFESSION.HU', 'A Kolléga', 103, 47),
(431, 'PROFESSION.HU', 'Az Innovátor', 82, 45),
(432, 'PROFESSION.HU', 'Az Ügyfélélmény-építő', 85, 45),
(433, 'PROFESSION.HU', 'Az Innovátor', 84, 150),
(434, 'PROFESSION.HU', 'A Csapat', 144, 45),
(435, 'PROFESSION.HU', 'Az Ügyfélélmény-építő', 86, 150),
(436, 'PROFESSION.HU', 'A Kolléga', 92, 45),
(437, 'PROFESSION.HU', 'A Csapat', 145, 150),
(438, 'PROFESSION.HU', 'A Kolléga', 93, 150),
(439, 'RAS Cégcsoport', 'Az Innovátor', 79, 285),
(440, 'RAS Cégcsoport', 'A Történetmesélő', 123, 285),
(441, 'RAS Cégcsoport', 'A Csapat', 128, 285),
(442, 'RAS Cégcsoport', 'A Kolléga', 107, 285),
(443, 'PROFESSION.HU', 'Az Innovátor', 84, 239),
(444, 'PROFESSION.HU', 'Az Ügyfélélmény-építő', 89, 239),
(445, 'PROFESSION.HU', 'A Csapat', 148, 239),
(446, 'PROFESSION.HU', 'A Kolléga', 95, 239),
(447, 'RAS Cégcsoport', 'Az Innovátor', 73, 233),
(448, 'RAS Cégcsoport', 'A Történetmesélő', 122, 233),
(449, 'RAS Cégcsoport', 'A Csapat', 132, 233),
(450, 'RAS Cégcsoport', 'A Kolléga', 108, 233),
(451, 'RAS Cégcsoport', 'A Kolléga', 107, 110),
(452, 'RAS Cégcsoport', 'Az Innovátor', 79, 110),
(453, 'RAS Cégcsoport', 'A Csapat', 128, 110),
(454, 'RAS Cégcsoport', 'Az Innovátor', 74, 410),
(455, 'RAS Cégcsoport', 'A Történetmesélő', 119, 410),
(456, 'RAS Cégcsoport', 'A Csapat', 130, 410),
(457, 'RAS Cégcsoport', 'A Kolléga', 111, 410),
(458, 'PROFESSION.HU', 'A Kolléga', 95, 404),
(459, 'PROFESSION.HU', 'Az Innovátor', 84, 316),
(460, 'PROFESSION.HU', 'Az Ügyfélélmény-építő', 86, 316),
(461, 'PROFESSION.HU', 'A Csapat', 150, 316),
(462, 'PROFESSION.HU', 'A Kolléga', 94, 316),
(463, 'PROFESSION.HU', 'A Kolléga', 93, 240),
(464, 'PROFESSION.HU', 'Az Innovátor', 83, 330),
(465, 'PROFESSION.HU', 'Az Ügyfélélmény-építő', 89, 330),
(466, 'PROFESSION.HU', 'A Csapat', 148, 330),
(467, 'PROFESSION.HU', 'A Kolléga', 95, 330),
(468, 'PROFESSION.HU', 'Az Innovátor', 83, 422),
(469, 'PROFESSION.HU', 'A Csapat', 150, 422),
(470, 'PROFESSION.HU', 'Az Ügyfélélmény-építő', 88, 422),
(471, 'PROFESSION.HU', 'A Kolléga', 100, 422),
(472, 'PROFESSION.HU', 'Az Innovátor', 81, 24),
(473, 'PROFESSION.HU', 'A Kolléga', 98, 12),
(474, 'PROFESSION.HU', 'Az Ügyfélélmény-építő', 89, 24),
(475, 'PROFESSION.HU', 'A Csapat', 145, 12),
(476, 'PROFESSION.HU', 'Az Ügyfélélmény-építő', 91, 12),
(477, 'PROFESSION.HU', 'A Csapat', 144, 24),
(478, 'PROFESSION.HU', 'A Kolléga', 93, 24),
(479, 'RAS Cégcsoport', 'Az Innovátor', 76, 19),
(480, 'RAS Cégcsoport', 'A Történetmesélő', 121, 19),
(481, 'RAS Cégcsoport', 'A Csapat', 141, 19),
(482, 'RAS Cégcsoport', 'A Kolléga', 109, 19),
(483, 'PROFESSION.HU', 'Az Innovátor', 82, 12),
(484, 'RAS Cégcsoport', 'A Történetmesélő', 118, 322),
(485, 'RAS Cégcsoport', 'A Kolléga', 111, 322),
(486, 'RAS Cégcsoport', 'A Csapat', 137, 342),
(487, 'RAS Cégcsoport', 'A Történetmesélő', 119, 342),
(488, 'RAS Cégcsoport', 'Az Innovátor', 78, 342),
(489, 'RAS Cégcsoport', 'A Kolléga', 114, 342),
(490, 'RAS Cégcsoport', 'Az Innovátor', 75, 348),
(491, 'RAS Cégcsoport', 'A Történetmesélő', 119, 348),
(492, 'RAS Cégcsoport', 'A Csapat', 128, 348),
(493, 'PROFESSION.HU', 'A Kolléga', 103, 175),
(494, 'RAS Cégcsoport', 'A Csapat', 141, 124),
(495, 'RAS Cégcsoport', 'A Kolléga', 111, 304),
(496, 'RAS Cégcsoport', 'A Kolléga', 114, 9),
(497, 'RAS Cégcsoport', 'A Csapat', 137, 9),
(498, 'RAS Cégcsoport', 'A Történetmesélő', 120, 9),
(499, 'RAS Cégcsoport', 'Az Innovátor', 79, 9),
(500, 'RAS Cégcsoport', 'Az Innovátor', 74, 525),
(501, 'RAS Cégcsoport', 'A Történetmesélő', 126, 525),
(502, 'RAS Cégcsoport', 'A Csapat', 133, 525),
(503, 'RAS Cégcsoport', 'A Kolléga', 108, 525),
(504, 'RAS Cégcsoport', 'Az Innovátor', 73, 532),
(505, 'RAS Cégcsoport', 'A Történetmesélő', 122, 532),
(506, 'RAS Cégcsoport', 'A Csapat', 133, 532),
(507, 'RAS Cégcsoport', 'A Kolléga', 108, 532),
(508, 'RAS Cégcsoport', 'Az Innovátor', 73, 293),
(509, 'RAS Cégcsoport', 'A Történetmesélő', 121, 293),
(510, 'RAS Cégcsoport', 'A Csapat', 133, 293),
(511, 'RAS Cégcsoport', 'A Kolléga', 116, 293),
(512, 'RAS Cégcsoport', 'Az Innovátor', 73, 526),
(513, 'RAS Cégcsoport', 'A Kolléga', 116, 531),
(514, 'RAS Cégcsoport', 'Az Innovátor', 73, 531),
(515, 'RAS Cégcsoport', 'A Csapat', 133, 526),
(516, 'RAS Cégcsoport', 'A Történetmesélő', 119, 531),
(517, 'RAS Cégcsoport', 'A Csapat', 133, 531),
(518, 'RAS Cégcsoport', 'A Kolléga', 116, 526),
(519, 'RAS Cégcsoport', 'A Történetmesélő', 121, 526),
(520, 'RAS Cégcsoport', 'A Csapat', 133, 484),
(521, 'RAS Cégcsoport', 'A Kolléga', 108, 484),
(522, 'PROFESSION.HU', 'Az Innovátor', 84, 115),
(523, 'PROFESSION.HU', 'Az Ügyfélélmény-építő', 91, 115),
(524, 'PROFESSION.HU', 'A Csapat', 145, 115),
(525, 'PROFESSION.HU', 'A Kolléga', 93, 115),
(526, 'PROFESSION.HU', 'A Kolléga', 93, 216),
(527, 'PROFESSION.HU', 'A Csapat', 150, 216),
(528, 'PROFESSION.HU', 'Az Ügyfélélmény-építő', 87, 216),
(529, 'PROFESSION.HU', 'Az Innovátor', 82, 216),
(530, 'PROFESSION.HU', 'A Kolléga', 99, 204),
(531, 'PROFESSION.HU', 'Az Innovátor', 80, 204),
(532, 'RAS Cégcsoport', 'Az Innovátor', 74, 58),
(533, 'RAS Cégcsoport', 'A Történetmesélő', 118, 58),
(534, 'RAS Cégcsoport', 'A Kolléga', 111, 58),
(535, 'RAS Cégcsoport', 'A Csapat', 136, 58),
(536, 'RAS Cégcsoport', 'Az Innovátor', 74, 193),
(537, 'RAS Cégcsoport', 'A Történetmesélő', 122, 193),
(538, 'RAS Cégcsoport', 'A Csapat', 131, 193),
(539, 'RAS Cégcsoport', 'A Kolléga', 113, 193),
(540, 'PROFESSION.HU', 'Az Innovátor', 84, 193),
(541, 'PROFESSION.HU', 'Az Ügyfélélmény-építő', 85, 193),
(542, 'PROFESSION.HU', 'A Kolléga', 102, 193),
(543, 'RAS Cégcsoport', 'A Történetmesélő', 120, 372),
(544, 'RAS Cégcsoport', 'A Csapat', 137, 372),
(545, 'RAS Cégcsoport', 'A Kolléga', 114, 372),
(546, 'PROFESSION.HU', 'Az Innovátor', 82, 315),
(547, 'PROFESSION.HU', 'Az Ügyfélélmény-építő', 85, 315),
(548, 'PROFESSION.HU', 'A Csapat', 151, 315),
(549, 'PROFESSION.HU', 'A Kolléga', 101, 315),
(550, 'RAS Cégcsoport', 'A Csapat', 131, 42),
(551, 'RAS Cégcsoport', 'A Kolléga', 113, 42),
(552, 'RAS Cégcsoport', 'A Történetmesélő', 126, 42),
(553, 'RAS Cégcsoport', 'Az Innovátor', 78, 42),
(554, 'PROFESSION.HU', 'Az Innovátor', 82, 355),
(555, 'PROFESSION.HU', 'A Kolléga', 93, 355),
(556, 'RAS Cégcsoport', 'A Csapat', 137, 301),
(557, 'RAS Cégcsoport', 'Az Innovátor', 74, 301),
(558, 'RAS Cégcsoport', 'A Történetmesélő', 118, 301),
(559, 'RAS Cégcsoport', 'A Kolléga', 111, 301),
(560, 'RAS Cégcsoport', 'Az Innovátor', 75, 119),
(561, 'RAS Cégcsoport', 'A Történetmesélő', 119, 119),
(562, 'RAS Cégcsoport', 'A Csapat', 138, 119),
(563, 'RAS Cégcsoport', 'A Kolléga', 114, 119),
(564, 'PROFESSION.HU', 'Az Ügyfélélmény-építő', 88, 241),
(565, 'PROFESSION.HU', 'A Csapat', 151, 241),
(566, 'PROFESSION.HU', 'A Kolléga', 100, 241),
(567, 'PROFESSION.HU', 'Az Innovátor', 82, 126),
(568, 'PROFESSION.HU', 'Az Ügyfélélmény-építő', 89, 126),
(569, 'PROFESSION.HU', 'A Csapat', 144, 126),
(570, 'PROFESSION.HU', 'A Kolléga', 93, 126),
(571, 'PROFESSION.HU', 'Az Innovátor', 84, 114),
(572, 'PROFESSION.HU', 'Az Ügyfélélmény-építő', 90, 114),
(573, 'PROFESSION.HU', 'A Csapat', 144, 114),
(574, 'PROFESSION.HU', 'A Kolléga', 104, 114),
(575, 'PROFESSION.HU', 'Az Ügyfélélmény-építő', 90, 356),
(576, 'PROFESSION.HU', 'A Csapat', 144, 356),
(577, 'PROFESSION.HU', 'A Kolléga', 99, 356),
(578, 'PROFESSION.HU', 'Az Innovátor', 82, 356),
(579, 'RAS Cégcsoport', 'A Történetmesélő', 120, 398),
(580, 'RAS Cégcsoport', 'A Csapat', 137, 398),
(581, 'RAS Cégcsoport', 'A Kolléga', 107, 398),
(582, 'RAS Cégcsoport', 'Az Innovátor', 74, 208),
(583, 'RAS Cégcsoport', 'Az Innovátor', 79, 398),
(584, 'RAS Cégcsoport', 'A Történetmesélő', 120, 208),
(585, 'RAS Cégcsoport', 'A Csapat', 137, 208),
(586, 'RAS Cégcsoport', 'A Kolléga', 114, 208),
(587, 'RAS Cégcsoport', 'A Csapat', 137, 454),
(588, 'RAS Cégcsoport', 'A Történetmesélő', 119, 454),
(589, 'RAS Cégcsoport', 'A Kolléga', 114, 454),
(590, 'PROFESSION.HU', 'Az Innovátor', 83, 129),
(591, 'PROFESSION.HU', 'Az Ügyfélélmény-építő', 86, 129),
(592, 'PROFESSION.HU', 'A Csapat', 146, 129),
(593, 'PROFESSION.HU', 'A Kolléga', 98, 129),
(594, 'RAS Cégcsoport', 'Az Innovátor', 77, 362),
(595, 'RAS Cégcsoport', 'A Történetmesélő', 126, 362),
(596, 'RAS Cégcsoport', 'A Csapat', 134, 362),
(597, 'RAS Cégcsoport', 'A Kolléga', 105, 362),
(598, 'RAS Cégcsoport', 'Az Innovátor', 79, 289),
(599, 'RAS Cégcsoport', 'A Csapat', 137, 289),
(600, 'RAS Cégcsoport', 'A Történetmesélő', 118, 289),
(601, 'RAS Cégcsoport', 'A Kolléga', 111, 289),
(602, 'RAS Cégcsoport', 'A Csapat', 137, 265),
(603, 'RAS Cégcsoport', 'Az Innovátor', 76, 265),
(604, 'RAS Cégcsoport', 'A Történetmesélő', 120, 265),
(605, 'RAS Cégcsoport', 'A Kolléga', 114, 265),
(606, 'RAS Cégcsoport', 'A Csapat', 137, 261),
(607, 'RAS Cégcsoport', 'A Csapat', 137, 368),
(608, 'RAS Cégcsoport', 'A Kolléga', 106, 368),
(609, 'RAS Cégcsoport', 'A Történetmesélő', 120, 368),
(610, 'RAS Cégcsoport', 'Az Innovátor', 74, 368),
(611, 'RAS Cégcsoport', 'A Csapat', 137, 219),
(612, 'RAS Cégcsoport', 'Az Innovátor', 74, 17),
(613, 'RAS Cégcsoport', 'A Történetmesélő', 118, 17),
(614, 'RAS Cégcsoport', 'A Csapat', 136, 17),
(615, 'RAS Cégcsoport', 'A Kolléga', 111, 17),
(616, 'RAS Cégcsoport', 'Az Innovátor', 74, 320),
(617, 'RAS Cégcsoport', 'A Csapat', 137, 149),
(618, 'RAS Cégcsoport', 'Az Innovátor', 77, 298),
(619, 'RAS Cégcsoport', 'A Történetmesélő', 121, 298),
(620, 'RAS Cégcsoport', 'A Csapat', 140, 298),
(621, 'RAS Cégcsoport', 'A Kolléga', 116, 298),
(622, 'RAS Cégcsoport', 'A Csapat', 137, 242),
(623, 'RAS Cégcsoport', 'A Történetmesélő', 120, 242),
(624, 'RAS Cégcsoport', 'A Kolléga', 107, 242),
(625, 'RAS Cégcsoport', 'A Kolléga', 116, 333),
(626, 'RAS Cégcsoport', 'A Csapat', 141, 333),
(627, 'RAS Cégcsoport', 'A Történetmesélő', 127, 333),
(628, 'RAS Cégcsoport', 'Az Innovátor', 76, 333),
(629, 'PROFESSION.HU', 'Az Innovátor', 80, 153),
(630, 'PROFESSION.HU', 'Az Ügyfélélmény-építő', 88, 153),
(631, 'PROFESSION.HU', 'A Csapat', 146, 153),
(632, 'PROFESSION.HU', 'A Kolléga', 99, 153),
(633, 'PROFESSION.HU', 'Az Innovátor', 82, 155),
(634, 'PROFESSION.HU', 'Az Ügyfélélmény-építő', 87, 155),
(635, 'PROFESSION.HU', 'A Csapat', 150, 155),
(636, 'PROFESSION.HU', 'A Kolléga', 94, 155),
(637, 'PROFESSION.HU', 'A Kolléga', 93, 499),
(638, 'PROFESSION.HU', 'Az Innovátor', 84, 499),
(639, 'PROFESSION.HU', 'Az Ügyfélélmény-építő', 89, 499),
(640, 'PROFESSION.HU', 'Az Innovátor', 81, 33),
(641, 'PROFESSION.HU', 'Az Ügyfélélmény-építő', 90, 33),
(642, 'PROFESSION.HU', 'A Csapat', 148, 33),
(643, 'PROFESSION.HU', 'A Kolléga', 100, 33),
(644, 'RAS Cégcsoport', 'A Kolléga', 111, 25),
(645, 'RAS Cégcsoport', 'A Csapat', 136, 25),
(646, 'RAS Cégcsoport', 'Az Innovátor', 74, 25),
(647, 'PROFESSION.HU', 'Az Innovátor', 82, 188),
(648, 'PROFESSION.HU', 'Az Ügyfélélmény-építő', 88, 188),
(649, 'PROFESSION.HU', 'A Csapat', 151, 188),
(650, 'PROFESSION.HU', 'A Kolléga', 101, 188),
(651, 'PROFESSION.HU', 'Az Innovátor', 82, 222),
(652, 'PROFESSION.HU', 'Az Ügyfélélmény-építő', 88, 222),
(653, 'PROFESSION.HU', 'A Csapat', 151, 222),
(654, 'PROFESSION.HU', 'A Kolléga', 104, 222),
(655, 'RAS Cégcsoport', 'A Kolléga', 111, 83),
(656, 'RAS Cégcsoport', 'A Csapat', 136, 83),
(657, 'RAS Cégcsoport', 'A Történetmesélő', 118, 83),
(658, 'RAS Cégcsoport', 'Az Innovátor', 74, 83),
(659, 'PROFESSION.HU', 'Az Innovátor', 80, 419),
(660, 'PROFESSION.HU', 'A Csapat', 147, 419),
(661, 'PROFESSION.HU', 'A Kolléga', 102, 419),
(662, 'RAS Cégcsoport', 'Az Innovátor', 75, 544),
(663, 'RAS Cégcsoport', 'A Történetmesélő', 121, 544),
(664, 'RAS Cégcsoport', 'A Csapat', 138, 544),
(665, 'RAS Cégcsoport', 'A Kolléga', 113, 544),
(666, 'RAS Cégcsoport', 'Az Innovátor', 75, 543),
(667, 'RAS Cégcsoport', 'A Csapat', 140, 543),
(668, 'RAS Cégcsoport', 'A Kolléga', 113, 543),
(669, 'RAS Cégcsoport', 'A Történetmesélő', 121, 543),
(670, 'RAS Cégcsoport', 'A Történetmesélő', 118, 492),
(671, 'RAS Cégcsoport', 'A Kolléga', 111, 492),
(672, 'RAS Cégcsoport', 'Az Innovátor', 74, 492),
(673, 'RAS Cégcsoport', 'A Csapat', 136, 492),
(674, 'PROFESSION.HU', 'Az Innovátor', 83, 197),
(675, 'PROFESSION.HU', 'Az Ügyfélélmény-építő', 89, 197),
(676, 'PROFESSION.HU', 'A Csapat', 148, 197),
(677, 'PROFESSION.HU', 'A Kolléga', 93, 197),
(678, 'PROFESSION.HU', 'A Csapat', 148, 37),
(679, 'PROFESSION.HU', 'A Kolléga', 92, 37),
(680, 'PROFESSION.HU', 'Az Ügyfélélmény-építő', 89, 37),
(681, 'PROFESSION.HU', 'Az Innovátor', 84, 37),
(682, 'RAS Cégcsoport', 'Az Innovátor', 74, 359),
(683, 'RAS Cégcsoport', 'A Kolléga', 111, 359),
(684, 'RAS Cégcsoport', 'A Csapat', 136, 359),
(685, 'RAS Cégcsoport', 'Az Innovátor', 74, 361),
(686, 'RAS Cégcsoport', 'A Történetmesélő', 126, 53),
(687, 'RAS Cégcsoport', 'A Csapat', 135, 53),
(688, 'RAS Cégcsoport', 'A Történetmesélő', 123, 361),
(689, 'RAS Cégcsoport', 'A Csapat', 137, 361),
(690, 'RAS Cégcsoport', 'A Kolléga', 111, 361),
(691, 'RAS Cégcsoport', 'Az Innovátor', 74, 162),
(692, 'RAS Cégcsoport', 'A Történetmesélő', 117, 162),
(693, 'RAS Cégcsoport', 'A Csapat', 136, 162),
(694, 'RAS Cégcsoport', 'A Kolléga', 107, 162),
(695, 'RAS Cégcsoport', 'A Kolléga', 109, 390),
(696, 'PROFESSION.HU', 'A Kolléga', 94, 390),
(697, 'RAS Cégcsoport', 'A Kolléga', 115, 420),
(698, 'PROFESSION.HU', 'Az Innovátor', 80, 105),
(699, 'PROFESSION.HU', 'A Kolléga', 92, 18),
(700, 'RAS Cégcsoport', 'A Csapat', 137, 297),
(701, 'RAS Cégcsoport', 'Az Innovátor', 79, 297),
(702, 'RAS Cégcsoport', 'A Kolléga', 107, 297),
(703, 'RAS Cégcsoport', 'A Történetmesélő', 120, 297),
(704, 'PROFESSION.HU', 'A Kolléga', 96, 84),
(705, 'PROFESSION.HU', 'Az Innovátor', 82, 84),
(706, 'PROFESSION.HU', 'Az Ügyfélélmény-építő', 87, 84),
(707, 'PROFESSION.HU', 'A Csapat', 150, 84),
(708, 'PROFESSION.HU', 'Az Innovátor', 84, 120),
(709, 'PROFESSION.HU', 'Az Ügyfélélmény-építő', 87, 120),
(710, 'PROFESSION.HU', 'A Csapat', 150, 120),
(711, 'PROFESSION.HU', 'A Kolléga', 93, 36),
(712, 'PROFESSION.HU', 'Az Innovátor', 80, 36),
(713, 'PROFESSION.HU', 'Az Ügyfélélmény-építő', 89, 36),
(714, 'PROFESSION.HU', 'A Csapat', 151, 36),
(715, 'PROFESSION.HU', 'Az Innovátor', 82, 262),
(716, 'PROFESSION.HU', 'A Csapat', 148, 262),
(717, 'PROFESSION.HU', 'A Kolléga', 93, 262),
(718, 'PROFESSION.HU', 'Az Innovátor', 80, 237),
(719, 'PROFESSION.HU', 'A Kolléga', 93, 237),
(720, 'PROFESSION.HU', 'Az Innovátor', 84, 393),
(721, 'PROFESSION.HU', 'Az Ügyfélélmény-építő', 89, 393),
(722, 'PROFESSION.HU', 'A Csapat', 148, 393),
(723, 'PROFESSION.HU', 'A Kolléga', 95, 393),
(724, 'PROFESSION.HU', 'Az Innovátor', 80, 343),
(725, 'PROFESSION.HU', 'Az Ügyfélélmény-építő', 86, 343),
(726, 'PROFESSION.HU', 'A Csapat', 145, 343),
(727, 'PROFESSION.HU', 'A Kolléga', 99, 343),
(728, 'PROFESSION.HU', 'A Kolléga', 99, 101),
(729, 'PROFESSION.HU', 'Az Innovátor', 80, 101),
(730, 'PROFESSION.HU', 'Az Ügyfélélmény-építő', 86, 101),
(731, 'PROFESSION.HU', 'A Csapat', 145, 101),
(732, 'PROFESSION.HU', 'Az Innovátor', 84, 186),
(733, 'PROFESSION.HU', 'Az Ügyfélélmény-építő', 89, 186),
(734, 'PROFESSION.HU', 'A Csapat', 150, 186),
(735, 'PROFESSION.HU', 'A Kolléga', 100, 186),
(736, 'PROFESSION.HU', 'Az Innovátor', 83, 290),
(737, 'PROFESSION.HU', 'Az Ügyfélélmény-építő', 86, 290),
(738, 'PROFESSION.HU', 'A Csapat', 144, 290),
(739, 'PROFESSION.HU', 'A Kolléga', 99, 290),
(740, 'RAS Cégcsoport', 'Az Innovátor', 73, 394),
(741, 'RAS Cégcsoport', 'A Történetmesélő', 121, 394),
(742, 'RAS Cégcsoport', 'A Csapat', 134, 394),
(743, 'RAS Cégcsoport', 'A Kolléga', 105, 394),
(744, 'PROFESSION.HU', 'Az Ügyfélélmény-építő', 85, 112),
(745, 'PROFESSION.HU', 'A Csapat', 149, 112),
(746, 'PROFESSION.HU', 'A Kolléga', 93, 112),
(747, 'PROFESSION.HU', 'A Kolléga', 100, 98),
(748, 'PROFESSION.HU', 'Az Innovátor', 81, 112),
(749, 'PROFESSION.HU', 'Az Innovátor', 82, 152),
(750, 'PROFESSION.HU', 'Az Ügyfélélmény-építő', 86, 152),
(751, 'PROFESSION.HU', 'A Csapat', 150, 152),
(752, 'PROFESSION.HU', 'A Kolléga', 99, 152),
(753, 'PROFESSION.HU', 'A Kolléga', 93, 371),
(754, 'RAS Cégcsoport', 'A Történetmesélő', 118, 313),
(755, 'RAS Cégcsoport', 'A Kolléga', 111, 313),
(756, 'PROFESSION.HU', 'A Kolléga', 102, 23),
(757, 'RAS Cégcsoport', 'Az Innovátor', 78, 102),
(758, 'RAS Cégcsoport', 'A Történetmesélő', 119, 102),
(759, 'RAS Cégcsoport', 'A Csapat', 138, 102),
(760, 'RAS Cégcsoport', 'Az Innovátor', 75, 539),
(761, 'RAS Cégcsoport', 'Az Innovátor', 79, 137),
(762, 'RAS Cégcsoport', 'A Kolléga', 113, 539),
(763, 'RAS Cégcsoport', 'A Történetmesélő', 119, 137),
(764, 'RAS Cégcsoport', 'A Csapat', 138, 137),
(765, 'RAS Cégcsoport', 'A Kolléga', 114, 137),
(766, 'RAS Cégcsoport', 'Az Innovátor', 75, 303),
(767, 'RAS Cégcsoport', 'A Történetmesélő', 118, 303),
(768, 'RAS Cégcsoport', 'A Történetmesélő', 122, 260),
(769, 'RAS Cégcsoport', 'A Kolléga', 107, 102),
(770, 'RAS Cégcsoport', 'A Csapat', 132, 260),
(771, 'RAS Cégcsoport', 'A Kolléga', 113, 260),
(772, 'RAS Cégcsoport', 'Az Innovátor', 73, 260),
(773, 'RAS Cégcsoport', 'A Kolléga', 111, 303),
(774, 'RAS Cégcsoport', 'A Csapat', 136, 303),
(775, 'RAS Cégcsoport', 'Az Innovátor', 78, 275),
(776, 'RAS Cégcsoport', 'A Történetmesélő', 126, 275),
(777, 'RAS Cégcsoport', 'Az Innovátor', 77, 387),
(778, 'RAS Cégcsoport', 'A Csapat', 135, 275),
(779, 'RAS Cégcsoport', 'A Csapat', 140, 387),
(780, 'RAS Cégcsoport', 'A Kolléga', 115, 275),
(781, 'RAS Cégcsoport', 'A Kolléga', 115, 387),
(782, 'RAS Cégcsoport', 'A Csapat', 131, 245),
(783, 'RAS Cégcsoport', 'A Kolléga', 115, 335),
(784, 'RAS Cégcsoport', 'Az Innovátor', 75, 56),
(785, 'RAS Cégcsoport', 'Az Innovátor', 77, 75),
(786, 'RAS Cégcsoport', 'A Történetmesélő', 122, 56),
(787, 'RAS Cégcsoport', 'A Kolléga', 113, 56),
(788, 'RAS Cégcsoport', 'Az Innovátor', 74, 106),
(789, 'RAS Cégcsoport', 'A Történetmesélő', 126, 106),
(790, 'RAS Cégcsoport', 'A Történetmesélő', 126, 75),
(791, 'RAS Cégcsoport', 'A Csapat', 135, 106),
(792, 'RAS Cégcsoport', 'A Csapat', 140, 75),
(793, 'RAS Cégcsoport', 'A Kolléga', 115, 75),
(794, 'RAS Cégcsoport', 'A Kolléga', 110, 106),
(795, 'PROFESSION.HU', 'Az Ügyfélélmény-építő', 89, 369),
(796, 'PROFESSION.HU', 'A Kolléga', 100, 369),
(797, 'PROFESSION.HU', 'Az Innovátor', 84, 13),
(798, 'PROFESSION.HU', 'Az Ügyfélélmény-építő', 89, 13),
(799, 'PROFESSION.HU', 'A Csapat', 151, 13),
(800, 'PROFESSION.HU', 'A Kolléga', 104, 13),
(801, 'RAS Cégcsoport', 'Az Innovátor', 77, 73),
(802, 'RAS Cégcsoport', 'A Csapat', 132, 154),
(803, 'RAS Cégcsoport', 'A Történetmesélő', 122, 154),
(804, 'RAS Cégcsoport', 'A Történetmesélő', 126, 73),
(805, 'RAS Cégcsoport', 'A Csapat', 140, 73),
(806, 'RAS Cégcsoport', 'A Kolléga', 106, 73),
(807, 'PROFESSION.HU', 'Az Innovátor', 80, 210),
(808, 'PROFESSION.HU', 'Az Ügyfélélmény-építő', 85, 210),
(809, 'PROFESSION.HU', 'A Csapat', 142, 210),
(810, 'PROFESSION.HU', 'A Kolléga', 92, 210),
(811, 'PROFESSION.HU', 'Az Ügyfélélmény-építő', 85, 397),
(812, 'PROFESSION.HU', 'A Csapat', 148, 397),
(813, 'PROFESSION.HU', 'A Kolléga', 99, 397),
(814, 'RAS Cégcsoport', 'Az Innovátor', 77, 340),
(815, 'RAS Cégcsoport', 'A Történetmesélő', 126, 340),
(816, 'RAS Cégcsoport', 'A Csapat', 131, 340),
(817, 'RAS Cégcsoport', 'A Kolléga', 113, 340),
(818, 'PROFESSION.HU', 'A Kolléga', 102, 61),
(819, 'RAS Cégcsoport', 'Az Innovátor', 78, 72),
(820, 'PROFESSION.HU', 'A Kolléga', 100, 269),
(821, 'RAS Cégcsoport', 'A Történetmesélő', 119, 72),
(822, 'PROFESSION.HU', 'Az Innovátor', 84, 269),
(823, 'PROFESSION.HU', 'Az Ügyfélélmény-építő', 88, 269),
(824, 'RAS Cégcsoport', 'A Csapat', 141, 72),
(825, 'PROFESSION.HU', 'A Csapat', 143, 269),
(826, 'RAS Cégcsoport', 'A Kolléga', 114, 72),
(827, 'PROFESSION.HU', 'A Kolléga', 96, 413),
(828, 'PROFESSION.HU', 'Az Innovátor', 80, 413),
(829, 'PROFESSION.HU', 'Az Ügyfélélmény-építő', 91, 413),
(830, 'PROFESSION.HU', 'A Csapat', 150, 413),
(831, 'RAS Cégcsoport', 'A Történetmesélő', 126, 334),
(832, 'RAS Cégcsoport', 'Az Innovátor', 77, 250),
(833, 'RAS Cégcsoport', 'A Történetmesélő', 126, 250),
(834, 'RAS Cégcsoport', 'A Csapat', 135, 250),
(835, 'RAS Cégcsoport', 'A Kolléga', 110, 250),
(836, 'PROFESSION.HU', 'Az Innovátor', 80, 230),
(837, 'PROFESSION.HU', 'Az Ügyfélélmény-építő', 90, 230),
(838, 'RAS Cégcsoport', 'Az Innovátor', 74, 202),
(839, 'RAS Cégcsoport', 'A Történetmesélő', 121, 202),
(840, 'RAS Cégcsoport', 'A Csapat', 135, 202),
(841, 'RAS Cégcsoport', 'A Kolléga', 112, 202),
(842, 'PROFESSION.HU', 'A Kolléga', 93, 230),
(843, 'PROFESSION.HU', 'A Csapat', 145, 230),
(844, 'RAS Cégcsoport', 'Az Innovátor', 77, 159),
(845, 'RAS Cégcsoport', 'A Történetmesélő', 126, 159),
(846, 'RAS Cégcsoport', 'A Csapat', 135, 159),
(847, 'RAS Cégcsoport', 'A Kolléga', 112, 159),
(848, 'RAS Cégcsoport', 'Az Innovátor', 75, 530),
(849, 'RAS Cégcsoport', 'A Kolléga', 113, 530),
(850, 'RAS Cégcsoport', 'A Csapat', 131, 530),
(851, 'RAS Cégcsoport', 'A Történetmesélő', 122, 530),
(852, 'PROFESSION.HU', 'Az Ügyfélélmény-építő', 87, 236),
(853, 'PROFESSION.HU', 'A Csapat', 150, 236),
(854, 'PROFESSION.HU', 'A Kolléga', 100, 236),
(855, 'PROFESSION.HU', 'A Kolléga', 96, 328),
(856, 'PROFESSION.HU', 'Az Ügyfélélmény-építő', 87, 328),
(857, 'PROFESSION.HU', 'Az Innovátor', 82, 66),
(858, 'PROFESSION.HU', 'A Kolléga', 92, 66),
(859, 'PROFESSION.HU', 'Az Ügyfélélmény-építő', 88, 66),
(860, 'PROFESSION.HU', 'A Csapat', 145, 66),
(861, 'PROFESSION.HU', 'A Kolléga', 96, 81),
(862, 'PROFESSION.HU', 'Az Innovátor', 81, 81),
(863, 'PROFESSION.HU', 'Az Ügyfélélmény-építő', 87, 81),
(864, 'PROFESSION.HU', 'A Csapat', 150, 81),
(865, 'RAS Cégcsoport', 'Az Innovátor', 77, 373),
(866, 'RAS Cégcsoport', 'A Történetmesélő', 126, 373),
(867, 'RAS Cégcsoport', 'A Csapat', 135, 373),
(868, 'RAS Cégcsoport', 'A Kolléga', 110, 373),
(869, 'RAS Cégcsoport', 'A Kolléga', 111, 82),
(870, 'RAS Cégcsoport', 'A Csapat', 136, 82),
(871, 'RAS Cégcsoport', 'A Történetmesélő', 118, 82),
(872, 'RAS Cégcsoport', 'Az Innovátor', 74, 82),
(873, 'RAS Cégcsoport', 'Az Innovátor', 75, 160),
(874, 'RAS Cégcsoport', 'A Történetmesélő', 119, 160),
(875, 'RAS Cégcsoport', 'A Kolléga', 113, 160),
(876, 'RAS Cégcsoport', 'A Csapat', 140, 160),
(877, 'RAS Cégcsoport', 'Az Innovátor', 77, 282),
(878, 'RAS Cégcsoport', 'A Történetmesélő', 123, 282),
(879, 'RAS Cégcsoport', 'A Csapat', 128, 282),
(880, 'RAS Cégcsoport', 'A Kolléga', 113, 282),
(881, 'PROFESSION.HU', 'A Kolléga', 97, 39),
(882, 'PROFESSION.HU', 'Az Innovátor', 83, 39),
(883, 'PROFESSION.HU', 'Az Ügyfélélmény-építő', 91, 39),
(884, 'PROFESSION.HU', 'A Csapat', 147, 39),
(885, 'RAS Cégcsoport', 'Az Innovátor', 73, 179),
(886, 'RAS Cégcsoport', 'A Történetmesélő', 121, 179),
(887, 'RAS Cégcsoport', 'A Csapat', 133, 179),
(888, 'RAS Cégcsoport', 'A Kolléga', 108, 179),
(889, 'RAS Cégcsoport', 'Az Innovátor', 73, 205),
(890, 'RAS Cégcsoport', 'A Történetmesélő', 121, 205),
(891, 'RAS Cégcsoport', 'A Csapat', 134, 205),
(892, 'RAS Cégcsoport', 'A Kolléga', 105, 205),
(893, 'PROFESSION.HU', 'Az Innovátor', 83, 172),
(894, 'PROFESSION.HU', 'A Kolléga', 93, 274),
(895, 'PROFESSION.HU', 'Az Innovátor', 82, 274),
(896, 'PROFESSION.HU', 'A Csapat', 151, 172),
(897, 'PROFESSION.HU', 'Az Ügyfélélmény-építő', 91, 274),
(898, 'PROFESSION.HU', 'A Csapat', 143, 274),
(899, 'PROFESSION.HU', 'Az Ügyfélélmény-építő', 85, 172),
(900, 'PROFESSION.HU', 'A Kolléga', 101, 172),
(901, 'PROFESSION.HU', 'Az Innovátor', 82, 26),
(902, 'PROFESSION.HU', 'Az Ügyfélélmény-építő', 91, 26),
(903, 'PROFESSION.HU', 'A Csapat', 142, 26),
(904, 'PROFESSION.HU', 'Az Innovátor', 80, 1),
(905, 'PROFESSION.HU', 'Az Ügyfélélmény-építő', 88, 1),
(906, 'PROFESSION.HU', 'A Csapat', 145, 1),
(907, 'PROFESSION.HU', 'A Kolléga', 99, 1),
(908, 'PROFESSION.HU', 'Az Innovátor', 84, 408),
(909, 'PROFESSION.HU', 'Az Ügyfélélmény-építő', 85, 408),
(910, 'PROFESSION.HU', 'A Csapat', 145, 408),
(911, 'PROFESSION.HU', 'A Kolléga', 99, 408),
(912, 'PROFESSION.HU', 'Az Innovátor', 80, 175),
(913, 'PROFESSION.HU', 'Az Ügyfélélmény-építő', 88, 175),
(914, 'PROFESSION.HU', 'A Csapat', 145, 175),
(915, 'PROFESSION.HU', 'A Kolléga', 95, 170),
(916, 'PROFESSION.HU', 'A Csapat', 145, 170),
(917, 'PROFESSION.HU', 'Az Ügyfélélmény-építő', 89, 170),
(918, 'PROFESSION.HU', 'A Kolléga', 98, 196),
(919, 'PROFESSION.HU', 'Az Innovátor', 82, 196),
(920, 'PROFESSION.HU', 'Az Ügyfélélmény-építő', 88, 196),
(921, 'PROFESSION.HU', 'A Csapat', 145, 196),
(922, 'PROFESSION.HU', 'Az Innovátor', 83, 286),
(923, 'PROFESSION.HU', 'A Kolléga', 98, 286),
(924, 'RAS Cégcsoport', 'Az Innovátor', 74, 511),
(925, 'RAS Cégcsoport', 'A Történetmesélő', 118, 511),
(926, 'RAS Cégcsoport', 'A Csapat', 136, 511),
(927, 'RAS Cégcsoport', 'A Kolléga', 111, 511),
(928, 'RAS Cégcsoport', 'Az Innovátor', 74, 463),
(929, 'RAS Cégcsoport', 'A Történetmesélő', 118, 463),
(930, 'RAS Cégcsoport', 'A Csapat', 136, 463),
(931, 'RAS Cégcsoport', 'A Kolléga', 111, 463),
(932, 'RAS Cégcsoport', 'Az Innovátor', 74, 489),
(933, 'RAS Cégcsoport', 'A Történetmesélő', 118, 489),
(934, 'RAS Cégcsoport', 'A Kolléga', 111, 489),
(935, 'RAS Cégcsoport', 'A Csapat', 136, 489),
(936, 'PROFESSION.HU', 'Az Innovátor', 84, 211),
(937, 'RAS Cégcsoport', 'A Kolléga', 113, 133),
(938, 'RAS Cégcsoport', 'Az Innovátor', 73, 133),
(939, 'RAS Cégcsoport', 'A Történetmesélő', 121, 133),
(940, 'PROFESSION.HU', 'Az Ügyfélélmény-építő', 85, 211),
(941, 'RAS Cégcsoport', 'A Csapat', 134, 133),
(942, 'PROFESSION.HU', 'A Csapat', 148, 211),
(943, 'PROFESSION.HU', 'A Kolléga', 99, 211),
(944, 'RAS Cégcsoport', 'Az Innovátor', 76, 406),
(945, 'RAS Cégcsoport', 'A Történetmesélő', 119, 406),
(946, 'RAS Cégcsoport', 'A Csapat', 141, 406),
(947, 'RAS Cégcsoport', 'A Kolléga', 106, 406),
(948, 'RAS Cégcsoport', 'A Csapat', 136, 417),
(949, 'RAS Cégcsoport', 'A Kolléga', 111, 417),
(950, 'RAS Cégcsoport', 'Az Innovátor', 74, 417),
(951, 'RAS Cégcsoport', 'A Történetmesélő', 118, 417),
(952, 'RAS Cégcsoport', 'Az Innovátor', 78, 203),
(953, 'RAS Cégcsoport', 'A Történetmesélő', 126, 203),
(954, 'RAS Cégcsoport', 'A Csapat', 139, 203),
(955, 'RAS Cégcsoport', 'A Kolléga', 105, 203),
(956, 'RAS Cégcsoport', 'A Történetmesélő', 127, 411),
(957, 'RAS Cégcsoport', 'Az Innovátor', 79, 411),
(958, 'RAS Cégcsoport', 'A Csapat', 138, 411),
(959, 'RAS Cégcsoport', 'A Kolléga', 114, 411),
(960, 'RAS Cégcsoport', 'Az Innovátor', 74, 421),
(961, 'RAS Cégcsoport', 'A Történetmesélő', 126, 421),
(962, 'RAS Cégcsoport', 'A Csapat', 140, 421),
(963, 'RAS Cégcsoport', 'A Kolléga', 113, 421),
(964, 'RAS Cégcsoport', 'A Kolléga', 109, 352),
(965, 'PROFESSION.HU', 'A Csapat', 149, 421),
(966, 'RAS Cégcsoport', 'Az Innovátor', 74, 146),
(967, 'RAS Cégcsoport', 'A Történetmesélő', 118, 146),
(968, 'RAS Cégcsoport', 'A Csapat', 136, 146),
(969, 'RAS Cégcsoport', 'A Kolléga', 111, 146),
(970, 'RAS Cégcsoport', 'A Kolléga', 111, 514),
(971, 'RAS Cégcsoport', 'A Csapat', 136, 514),
(972, 'RAS Cégcsoport', 'A Történetmesélő', 118, 514),
(973, 'RAS Cégcsoport', 'Az Innovátor', 74, 514),
(974, 'RAS Cégcsoport', 'A Kolléga', 111, 546),
(975, 'RAS Cégcsoport', 'A Csapat', 136, 546),
(976, 'RAS Cégcsoport', 'A Történetmesélő', 118, 546),
(977, 'RAS Cégcsoport', 'Az Innovátor', 74, 546),
(978, 'RAS Cégcsoport', 'Az Innovátor', 75, 183),
(979, 'RAS Cégcsoport', 'A Történetmesélő', 119, 183),
(980, 'RAS Cégcsoport', 'A Csapat', 141, 183),
(981, 'RAS Cégcsoport', 'A Kolléga', 113, 183),
(982, 'RAS Cégcsoport', 'A Kolléga', 113, 54),
(983, 'RAS Cégcsoport', 'A Csapat', 132, 54),
(984, 'RAS Cégcsoport', 'A Történetmesélő', 122, 54),
(985, 'RAS Cégcsoport', 'Az Innovátor', 73, 54),
(986, 'PROFESSION.HU', 'A Kolléga', 104, 183),
(987, 'PROFESSION.HU', 'Az Innovátor', 83, 183),
(988, 'PROFESSION.HU', 'Az Ügyfélélmény-építő', 87, 183),
(989, 'PROFESSION.HU', 'A Csapat', 142, 183),
(990, 'RAS Cégcsoport', 'A Kolléga', 111, 533),
(991, 'RAS Cégcsoport', 'A Kolléga', 111, 494),
(992, 'RAS Cégcsoport', 'Az Innovátor', 74, 494),
(993, 'RAS Cégcsoport', 'A Történetmesélő', 118, 494),
(994, 'RAS Cégcsoport', 'A Csapat', 136, 494),
(995, 'RAS Cégcsoport', 'A Kolléga', 113, 491),
(996, 'RAS Cégcsoport', 'A Csapat', 132, 491),
(997, 'RAS Cégcsoport', 'A Történetmesélő', 122, 491),
(998, 'RAS Cégcsoport', 'Az Innovátor', 73, 491),
(999, 'RAS Cégcsoport', 'Az Innovátor', 73, 180),
(1000, 'RAS Cégcsoport', 'A Csapat', 133, 180),
(1001, 'RAS Cégcsoport', 'A Kolléga', 116, 180),
(1002, 'RAS Cégcsoport', 'A Kolléga', 111, 256),
(1003, 'RAS Cégcsoport', 'A Csapat', 136, 256),
(1004, 'RAS Cégcsoport', 'A Történetmesélő', 118, 256),
(1005, 'RAS Cégcsoport', 'Az Innovátor', 74, 256),
(1006, 'PROFESSION.HU', 'A Kolléga', 104, 169),
(1007, 'PROFESSION.HU', 'A Csapat', 149, 169),
(1008, 'PROFESSION.HU', 'Az Innovátor', 83, 169),
(1009, 'PROFESSION.HU', 'Az Ügyfélélmény-építő', 85, 169),
(1010, 'RAS Cégcsoport', 'A Kolléga', 111, 464),
(1011, 'RAS Cégcsoport', 'Az Innovátor', 74, 464),
(1012, 'RAS Cégcsoport', 'A Csapat', 136, 464),
(1013, 'PROFESSION.HU', 'Az Innovátor', 82, 231),
(1014, 'RAS Cégcsoport', 'A Csapat', 132, 292),
(1015, 'RAS Cégcsoport', 'A Történetmesélő', 122, 292),
(1016, 'PROFESSION.HU', 'Az Ügyfélélmény-építő', 88, 231),
(1017, 'PROFESSION.HU', 'A Csapat', 146, 231),
(1018, 'PROFESSION.HU', 'A Kolléga', 98, 231),
(1019, 'RAS Cégcsoport', 'Az Innovátor', 74, 384),
(1020, 'RAS Cégcsoport', 'A Történetmesélő', 118, 384),
(1021, 'RAS Cégcsoport', 'A Csapat', 136, 384),
(1022, 'RAS Cégcsoport', 'A Kolléga', 111, 384),
(1023, 'RAS Cégcsoport', 'A Kolléga', 111, 70),
(1024, 'RAS Cégcsoport', 'A Történetmesélő', 118, 70),
(1025, 'RAS Cégcsoport', 'Az Innovátor', 74, 70),
(1026, 'RAS Cégcsoport', 'A Csapat', 136, 70),
(1027, 'PROFESSION.HU', 'Az Innovátor', 82, 6),
(1028, 'PROFESSION.HU', 'A Csapat', 145, 6),
(1029, 'PROFESSION.HU', 'A Kolléga', 99, 6),
(1030, 'RAS Cégcsoport', 'A Kolléga', 116, 478),
(1031, 'RAS Cégcsoport', 'Az Innovátor', 73, 527),
(1032, 'RAS Cégcsoport', 'A Történetmesélő', 122, 527),
(1033, 'RAS Cégcsoport', 'A Csapat', 133, 527),
(1034, 'RAS Cégcsoport', 'A Kolléga', 108, 527),
(1035, 'RAS Cégcsoport', 'A Kolléga', 113, 8),
(1036, 'RAS Cégcsoport', 'Az Innovátor', 74, 8),
(1037, 'RAS Cégcsoport', 'A Történetmesélő', 126, 8),
(1038, 'RAS Cégcsoport', 'A Csapat', 132, 8),
(1039, 'RAS Cégcsoport', 'A Csapat', 137, 360),
(1040, 'RAS Cégcsoport', 'A Kolléga', 105, 226),
(1041, 'RAS Cégcsoport', 'Az Innovátor', 77, 69),
(1042, 'RAS Cégcsoport', 'A Történetmesélő', 126, 69),
(1043, 'RAS Cégcsoport', 'A Csapat', 135, 69),
(1044, 'RAS Cégcsoport', 'A Kolléga', 107, 69),
(1045, 'RAS Cégcsoport', 'A Csapat', 128, 50),
(1046, 'RAS Cégcsoport', 'A Kolléga', 107, 50),
(1047, 'RAS Cégcsoport', 'A Kolléga', 113, 178),
(1048, 'RAS Cégcsoport', 'Az Innovátor', 73, 319),
(1049, 'RAS Cégcsoport', 'A Történetmesélő', 126, 319),
(1050, 'RAS Cégcsoport', 'A Csapat', 131, 319),
(1051, 'RAS Cégcsoport', 'A Kolléga', 111, 319),
(1052, 'RAS Cégcsoport', 'A Csapat', 131, 148),
(1053, 'RAS Cégcsoport', 'A Kolléga', 105, 148),
(1054, 'RAS Cégcsoport', 'Az Innovátor', 78, 177),
(1055, 'RAS Cégcsoport', 'A Csapat', 136, 177),
(1056, 'RAS Cégcsoport', 'A Kolléga', 111, 177),
(1057, 'RAS Cégcsoport', 'A Történetmesélő', 121, 177),
(1058, 'RAS Cégcsoport', 'A Kolléga', 105, 277),
(1059, 'RAS Cégcsoport', 'A Csapat', 131, 277),
(1060, 'RAS Cégcsoport', 'Az Innovátor', 73, 277),
(1061, 'RAS Cégcsoport', 'A Történetmesélő', 119, 277),
(1062, 'PROFESSION.HU', 'Az Ügyfélélmény-építő', 86, 284),
(1063, 'RAS Cégcsoport', 'A Történetmesélő', 126, 192),
(1064, 'RAS Cégcsoport', 'A Csapat', 131, 192),
(1065, 'PROFESSION.HU', 'A Csapat', 150, 310),
(1066, 'PROFESSION.HU', 'A Kolléga', 93, 310),
(1067, 'PROFESSION.HU', 'Az Ügyfélélmény-építő', 87, 310),
(1068, 'PROFESSION.HU', 'Az Innovátor', 84, 310),
(1069, 'PROFESSION.HU', 'Az Innovátor', 84, 163),
(1070, 'RAS Cégcsoport', 'Az Innovátor', 74, 194),
(1071, 'RAS Cégcsoport', 'A Történetmesélő', 118, 194),
(1072, 'RAS Cégcsoport', 'A Kolléga', 105, 192),
(1073, 'RAS Cégcsoport', 'A Csapat', 136, 194);
INSERT INTO `votes` (`id`, `org`, `pos`, `candidate_id`, `voters_id`) VALUES
(1074, 'RAS Cégcsoport', 'A Kolléga', 111, 194),
(1075, 'PROFESSION.HU', 'A Csapat', 150, 284),
(1076, 'PROFESSION.HU', 'Az Innovátor', 82, 31),
(1077, 'PROFESSION.HU', 'A Kolléga', 104, 284),
(1078, 'PROFESSION.HU', 'Az Ügyfélélmény-építő', 88, 31),
(1079, 'PROFESSION.HU', 'A Csapat', 143, 31),
(1080, 'RAS Cégcsoport', 'Az Innovátor', 77, 284),
(1081, 'PROFESSION.HU', 'A Kolléga', 93, 31),
(1082, 'RAS Cégcsoport', 'A Kolléga', 111, 321),
(1083, 'RAS Cégcsoport', 'A Csapat', 136, 321),
(1084, 'RAS Cégcsoport', 'A Történetmesélő', 118, 321),
(1085, 'RAS Cégcsoport', 'Az Innovátor', 74, 321),
(1086, 'PROFESSION.HU', 'Az Ügyfélélmény-építő', 89, 163),
(1087, 'PROFESSION.HU', 'Az Innovátor', 83, 7),
(1088, 'PROFESSION.HU', 'Az Ügyfélélmény-építő', 91, 7),
(1089, 'PROFESSION.HU', 'A Csapat', 145, 7),
(1090, 'PROFESSION.HU', 'A Kolléga', 104, 7),
(1091, 'PROFESSION.HU', 'A Csapat', 144, 163),
(1092, 'PROFESSION.HU', 'A Kolléga', 92, 163),
(1093, 'RAS Cégcsoport', 'A Kolléga', 110, 276),
(1094, 'RAS Cégcsoport', 'Az Innovátor', 77, 276),
(1095, 'RAS Cégcsoport', 'A Történetmesélő', 126, 276),
(1096, 'RAS Cégcsoport', 'A Csapat', 135, 276),
(1097, 'PROFESSION.HU', 'Az Innovátor', 80, 400),
(1098, 'PROFESSION.HU', 'Az Ügyfélélmény-építő', 91, 400),
(1099, 'PROFESSION.HU', 'A Csapat', 145, 400),
(1100, 'PROFESSION.HU', 'A Kolléga', 99, 400),
(1101, 'RAS Cégcsoport', 'A Kolléga', 116, 143),
(1102, 'PROFESSION.HU', 'Az Ügyfélélmény-építő', 87, 6),
(1103, 'RAS Cégcsoport', 'A Csapat', 134, 143),
(1104, 'RAS Cégcsoport', 'A Történetmesélő', 126, 143),
(1105, 'RAS Cégcsoport', 'Az Innovátor', 78, 143),
(1106, 'PROFESSION.HU', 'Az Innovátor', 84, 44),
(1107, 'PROFESSION.HU', 'Az Ügyfélélmény-építő', 91, 44),
(1108, 'PROFESSION.HU', 'A Csapat', 142, 44),
(1109, 'PROFESSION.HU', 'A Kolléga', 93, 44),
(1110, 'RAS Cégcsoport', 'Az Innovátor', 77, 540),
(1111, 'RAS Cégcsoport', 'Az Innovátor', 79, 306),
(1112, 'RAS Cégcsoport', 'A Történetmesélő', 120, 306),
(1113, 'RAS Cégcsoport', 'A Csapat', 128, 306),
(1114, 'RAS Cégcsoport', 'A Kolléga', 109, 306),
(1115, 'PROFESSION.HU', 'Az Innovátor', 80, 199),
(1116, 'PROFESSION.HU', 'A Csapat', 145, 199),
(1117, 'PROFESSION.HU', 'A Kolléga', 93, 199),
(1118, 'PROFESSION.HU', 'Az Ügyfélélmény-építő', 91, 199),
(1119, 'RAS Cégcsoport', 'Az Innovátor', 79, 294),
(1120, 'RAS Cégcsoport', 'A Történetmesélő', 119, 294),
(1121, 'RAS Cégcsoport', 'A Csapat', 138, 294),
(1122, 'RAS Cégcsoport', 'A Kolléga', 114, 294),
(1123, 'RAS Cégcsoport', 'A Csapat', 132, 513),
(1124, 'RAS Cégcsoport', 'A Történetmesélő', 122, 513),
(1125, 'RAS Cégcsoport', 'Az Innovátor', 74, 279),
(1126, 'RAS Cégcsoport', 'A Történetmesélő', 118, 279),
(1127, 'RAS Cégcsoport', 'A Csapat', 136, 279),
(1128, 'RAS Cégcsoport', 'A Kolléga', 111, 279),
(1129, 'RAS Cégcsoport', 'A Csapat', 140, 74),
(1130, 'RAS Cégcsoport', 'A Kolléga', 105, 74),
(1131, 'RAS Cégcsoport', 'Az Innovátor', 78, 74),
(1132, 'RAS Cégcsoport', 'A Történetmesélő', 123, 74),
(1133, 'PROFESSION.HU', 'Az Innovátor', 82, 248),
(1134, 'PROFESSION.HU', 'Az Ügyfélélmény-építő', 87, 248),
(1135, 'PROFESSION.HU', 'A Csapat', 150, 248),
(1136, 'PROFESSION.HU', 'A Kolléga', 93, 248),
(1137, 'RAS Cégcsoport', 'Az Innovátor', 75, 402),
(1138, 'RAS Cégcsoport', 'A Történetmesélő', 121, 402),
(1139, 'RAS Cégcsoport', 'A Csapat', 134, 402),
(1140, 'RAS Cégcsoport', 'A Kolléga', 115, 402),
(1141, 'RAS Cégcsoport', 'Az Innovátor', 74, 103),
(1142, 'RAS Cégcsoport', 'A Történetmesélő', 120, 103),
(1143, 'RAS Cégcsoport', 'A Csapat', 141, 103),
(1144, 'RAS Cégcsoport', 'A Kolléga', 114, 103),
(1145, 'RAS Cégcsoport', 'A Csapat', 132, 232),
(1146, 'RAS Cégcsoport', 'A Kolléga', 112, 232),
(1147, 'RAS Cégcsoport', 'Az Innovátor', 77, 382),
(1148, 'RAS Cégcsoport', 'A Történetmesélő', 126, 382),
(1149, 'RAS Cégcsoport', 'A Csapat', 135, 382),
(1150, 'RAS Cégcsoport', 'A Kolléga', 113, 382),
(1151, 'RAS Cégcsoport', 'A Történetmesélő', 126, 335),
(1152, 'PROFESSION.HU', 'Az Ügyfélélmény-építő', 85, 419),
(1153, 'RAS Cégcsoport', 'Az Innovátor', 73, 318),
(1154, 'RAS Cégcsoport', 'A Történetmesélő', 122, 318),
(1155, 'RAS Cégcsoport', 'A Csapat', 132, 318),
(1156, 'RAS Cégcsoport', 'A Kolléga', 112, 318),
(1157, 'RAS Cégcsoport', 'Az Innovátor', 73, 529),
(1158, 'RAS Cégcsoport', 'A Történetmesélő', 123, 529),
(1159, 'RAS Cégcsoport', 'A Csapat', 133, 529),
(1160, 'RAS Cégcsoport', 'A Kolléga', 108, 529),
(1161, 'RAS Cégcsoport', 'Az Innovátor', 78, 305),
(1162, 'RAS Cégcsoport', 'A Csapat', 141, 305),
(1163, 'RAS Cégcsoport', 'A Kolléga', 113, 305),
(1164, 'RAS Cégcsoport', 'A Történetmesélő', 126, 305);

--
-- Indexek a kiírt táblákhoz
--

--
-- A tábla indexei `admin`
--
ALTER TABLE `admin`
  ADD PRIMARY KEY (`id`);

--
-- A tábla indexei `nominees`
--
ALTER TABLE `nominees`
  ADD PRIMARY KEY (`id`);

--
-- A tábla indexei `organization`
--
ALTER TABLE `organization`
  ADD PRIMARY KEY (`id`);

--
-- A tábla indexei `positions`
--
ALTER TABLE `positions`
  ADD PRIMARY KEY (`id`);

--
-- A tábla indexei `voters`
--
ALTER TABLE `voters`
  ADD PRIMARY KEY (`id`);

--
-- A tábla indexei `votes`
--
ALTER TABLE `votes`
  ADD PRIMARY KEY (`id`);

--
-- A kiírt táblák AUTO_INCREMENT értéke
--

--
-- AUTO_INCREMENT a táblához `admin`
--
ALTER TABLE `admin`
  MODIFY `id` int(11) NOT NULL AUTO_INCREMENT, AUTO_INCREMENT=2;
--
-- AUTO_INCREMENT a táblához `nominees`
--
ALTER TABLE `nominees`
  MODIFY `id` int(11) NOT NULL AUTO_INCREMENT, AUTO_INCREMENT=152;
--
-- AUTO_INCREMENT a táblához `organization`
--
ALTER TABLE `organization`
  MODIFY `id` int(11) NOT NULL AUTO_INCREMENT, AUTO_INCREMENT=3;
--
-- AUTO_INCREMENT a táblához `positions`
--
ALTER TABLE `positions`
  MODIFY `id` int(11) NOT NULL AUTO_INCREMENT, AUTO_INCREMENT=9;
--
-- AUTO_INCREMENT a táblához `voters`
--
ALTER TABLE `voters`
  MODIFY `id` int(11) NOT NULL AUTO_INCREMENT, AUTO_INCREMENT=734;
--
-- AUTO_INCREMENT a táblához `votes`
--
ALTER TABLE `votes`
  MODIFY `id` int(11) NOT NULL AUTO_INCREMENT, AUTO_INCREMENT=1165;
/*!40101 SET CHARACTER_SET_CLIENT=@OLD_CHARACTER_SET_CLIENT */;
/*!40101 SET CHARACTER_SET_RESULTS=@OLD_CHARACTER_SET_RESULTS */;
/*!40101 SET COLLATION_CONNECTION=@OLD_COLLATION_CONNECTION */;
